title,year,velocity,Country,Language,Website,imdbVotes,Ratings,Production,Type,Plot,Year,Poster,Title,imdbRating,imdbID,Writer,Runtime,Metascore,DVD,Rated,Released,Actors,Genre,Awards,Director,BoxOffice,Response,totalSeasons
Pieces of a Woman,(2020),1(4),"Canada, Hungary, USA",English,N/A,"13,523","[{'Source': 'Internet Movie Database', 'Value': '7.1/10'}, {'Source': 'Metacritic', 'Value': '66/100'}]",N/A,movie,"When a young mother's home birth ends in unfathomable tragedy, she begins a year-long odyssey of mourning that fractures relationships with loved ones in this deeply personal story of a woman learning to live alongside her loss.",2020,https://m.media-amazon.com/images/M/MV5BMGE3MzMzOTAtOTExMy00MzFiLWFjNDItN2ZiZmYyYjY2MWUwXkEyXkFqcGdeQXVyMTEyMjM2NDc2._V1_SX300.jpg,Pieces of a Woman,7.1,tt11161474,Kata Wéber,126 min,66,N/A,R,07 Jan 2021,"Vanessa Kirby, Shia LaBeouf, Ellen Burstyn, Iliza Shlesinger",Drama,2 wins & 28 nominations.,Kornél Mundruczó,N/A,True,
Soul,(2020),2(1),USA,English,N/A,662,"[{'Source': 'Internet Movie Database', 'Value': '7.8/10'}, {'Source': 'Metacritic', 'Value': '86/100'}]",N/A,movie,A musician who has lost his passion for music is transported out of his body and must find his way back with the help of an infant soul learning about herself.,2020,https://m.media-amazon.com/images/M/MV5BZGE1MDg5M2MtNTkyZS00MTY5LTg1YzUtZTlhZmM1Y2EwNmFmXkEyXkFqcGdeQXVyNjA3OTI0MDc@._V1_SX300.jpg,Soul,7.8,tt2948372,"Pete Docter (story and screenplay by), Mike Jones (story and screenplay by), Kemp Powers (story and screenplay by)",100 min,86,N/A,PG,25 Dec 2020,"Jamie Foxx, Tina Fey, Graham Norton, Rachel House","Animation, Adventure, Comedy, Family, Fantasy, Music",5 wins & 18 nominations.,"Pete Docter, Kemp Powers(co-director)",N/A,True,
Wonder Woman 1984,(2020),3(1),"USA, UK, Spain",English,N/A,"129,163","[{'Source': 'Internet Movie Database', 'Value': '5.5/10'}, {'Source': 'Rotten Tomatoes', 'Value': '70%'}, {'Source': 'Metacritic', 'Value': '60/100'}]","DC Comics, Warner Bros., DC Entertainment, Atlas Entertainment, The Stone Quarry",movie,"Diana must contend with a work colleague and businessman, whose desire for extreme wealth sends the world down a path of destruction, after an ancient artifact that grants wishes goes missing.",2020,https://m.media-amazon.com/images/M/MV5BNWY2NWE0NWEtZGUwMC00NWMwLTkyNzUtNmIxMmIyYzA0MjNiXkEyXkFqcGdeQXVyMTA2OTQ3MTUy._V1_SX300.jpg,Wonder Woman 1984,5.5,tt7126948,"Patty Jenkins (story by), Geoff Johns (story by), Patty Jenkins (screenplay by), Geoff Johns (screenplay by), Dave Callaham (screenplay by), William Moulton Marston (based on characters from DC Wonder Woman created by)",151 min,60,N/A,PG-13,25 Dec 2020,"Gal Gadot, Chris Pine, Kristen Wiig, Pedro Pascal","Action, Adventure, Fantasy",5 nominations.,Patty Jenkins,"$32,600,000",True,
Tenet,(2020),4(1),"UK, USA","English, Russian, Ukrainian, Estonian, Norwegian",N/A,"262,974","[{'Source': 'Internet Movie Database', 'Value': '7.5/10'}, {'Source': 'Rotten Tomatoes', 'Value': '70%'}, {'Source': 'Metacritic', 'Value': '69/100'}]","Syncopy, Warner Bros. Pictures",movie,"Armed with only one word, Tenet, and fighting for the survival of the entire world, a Protagonist journeys through a twilight world of international espionage on a mission that will unfold in something beyond real time.",2020,https://m.media-amazon.com/images/M/MV5BYzg0NGM2NjAtNmIxOC00MDJmLTg5ZmYtYzM0MTE4NWE2NzlhXkEyXkFqcGdeQXVyMTA4NjE0NjEy._V1_SX300.jpg,Tenet,7.5,tt6723592,Christopher Nolan,150 min,69,N/A,PG-13,03 Sep 2020,"Juhan Ulfsak, Jefferson Hall, Ivo Uukkivi, Andrew Howard","Action, Sci-Fi, Thriller",12 wins & 35 nominations.,Christopher Nolan,"$57,929,000",True,
Cherry,(2021),5(116),USA,English,N/A,"4,501","[{'Source': 'Internet Movie Database', 'Value': '6.7/10'}, {'Source': 'Rotten Tomatoes', 'Value': '64%'}]","Cherry Movie, Kittco Pictures, Fresh Shrimp Productions",movie,An Ivy League freshman gets an unexpected education when he falls for an older woman and her 14 year-old daughter develops a crush on him.,2010,https://m.media-amazon.com/images/M/MV5BMTE4ODdiMmUtYTFlZC00YWMwLThkYjgtNjA3NzQxNTI3ZTNhXkEyXkFqcGdeQXVyMzMwMjI2NA@@._V1_SX300.jpg,Cherry,6.7,tt1315350,Jeffrey Fine,99 min,N/A,N/A,R,24 Jun 2011,"Kyle Gallner, Laura Allen, Britt Robertson, Matt Walsh","Comedy, Drama",1 nomination.,Jeffrey Fine,"$11,362",True,
Malcolm & Marie,(2021),6(48),Australia,English,N/A,"1,932","[{'Source': 'Internet Movie Database', 'Value': '7.2/10'}, {'Source': 'Rotten Tomatoes', 'Value': '84%'}]",N/A,movie,"Malcolm is a chronically shy mechanical genius who has just been fired for building his own tram. He gets Frank, who has just been released from jail, to move in to help pay the bills. ...",1986,https://m.media-amazon.com/images/M/MV5BZGMyYjIxYmMtODM3OC00MjFmLTk5YzMtY2VkYTRkNGQ0YTU5XkEyXkFqcGdeQXVyNjMwMjk0MTQ@._V1_SX300.jpg,Malcolm,7.2,tt0091464,David Parker (screenplay),90 min,N/A,N/A,PG-13,05 Nov 1986,"Colin Friels, Lindy Davies, Chris Haywood, John Hargreaves","Comedy, Crime, Sci-Fi",9 wins.,Nadia Tass,"$544,472",True,
Promising Young Woman,(2020),7(1),"UK, USA",English,N/A,"9,049","[{'Source': 'Internet Movie Database', 'Value': '7.4/10'}, {'Source': 'Metacritic', 'Value': '72/100'}]",N/A,movie,"A young woman, traumatized by a tragic event in her past, seeks out vengeance against those who crossed her path.",2020,https://m.media-amazon.com/images/M/MV5BZDViMzBiNGMtZTIyNS00NzI4LWE3NDMtNmM1NDk0NzBlMWRlXkEyXkFqcGdeQXVyMTA2MDU0NjM5._V1_SX300.jpg,Promising Young Woman,7.4,tt9620292,Emerald Fennell,113 min,72,N/A,R,25 Dec 2020,"Adam Brody, Ray Nicholson, Sam Richardson, Carey Mulligan","Crime, Drama, Thriller",21 wins & 46 nominations.,Emerald Fennell,"$2,865,375",True,
Outside the Wire,(2021),8(8),"USA, Hungary",English,N/A,16,"[{'Source': 'Internet Movie Database', 'Value': '7.9/10'}, {'Source': 'Metacritic', 'Value': '46/100'}]",N/A,movie,"In the near future, a drone pilot sent into a war zone finds himself paired with a top-secret android officer on a mission to stop a nuclear attack.",2021,https://m.media-amazon.com/images/M/MV5BNmM2MWQ0NzktNzU0OS00MjYzLTkxNDYtMzliNTA5ZmNkMmZlXkEyXkFqcGdeQXVyMDM2NDM2MQ@@._V1_SX300.jpg,Outside the Wire,7.9,tt10451914,"Rowan Athale, Rob Yescombe",114 min,46,N/A,R,15 Jan 2021,"Anthony Mackie, Emily Beecham, Pilou Asbæk, Damson Idris","Action, Adventure, Fantasy, Sci-Fi",N/A,Mikael Håfström,N/A,True,
News of the World,(2020),9(27),USA,English,N/A,"5,128","[{'Source': 'Internet Movie Database', 'Value': '6.9/10'}, {'Source': 'Metacritic', 'Value': '74/100'}]",N/A,movie,"A Civil War veteran agrees to deliver a girl, taken by the Kiowa people years ago, to her aunt and uncle, against her will. They travel hundreds of miles and face grave dangers as they search for a place that either can call home.",2020,https://m.media-amazon.com/images/M/MV5BMDNlNmVlNDItMjE3Yi00ZTA3LWIyOTktNDhhMGFlZjk5ZDQ0XkEyXkFqcGdeQXVyMDM2NDM2MQ@@._V1_SX300.jpg,News of the World,6.9,tt6878306,"Paul Greengrass (screenplay by), Luke Davies (screenplay by), Paulette Jiles (based upon the novel by)",118 min,74,N/A,PG-13,25 Dec 2020,"Tom Hanks, Helena Zengel, Tom Astor, Travis Johnson","Action, Adventure, Drama, Western",18 nominations.,Paul Greengrass,"$8,724,340",True,
The Karate Kid,(1984),10(4),USA,"English, Japanese",N/A,"191,033","[{'Source': 'Internet Movie Database', 'Value': '7.3/10'}, {'Source': 'Rotten Tomatoes', 'Value': '89%'}, {'Source': 'Metacritic', 'Value': '60/100'}]",Columbia Pictures Corporation,movie,A martial arts master agrees to teach karate to a bullied teenager.,1984,https://m.media-amazon.com/images/M/MV5BNTkzY2YzNmYtY2ViMS00MThiLWFlYTEtOWQ1OTBiOGEwMTdhXkEyXkFqcGdeQXVyMTQxNzMzNDI@._V1_SX300.jpg,The Karate Kid,7.3,tt0087538,Robert Mark Kamen,126 min,60,N/A,PG,22 Jun 1984,"Ralph Macchio, Pat Morita, Elisabeth Shue, Martin Kove","Action, Drama, Family, Sport",Nominated for 1 Oscar. Another 2 wins & 2 nominations.,John G. Avildsen,"$91,077,276",True,
We Can Be Heroes,(2020),11(2),Australia,English,,"2,527","[{'Source': 'Internet Movie Database', 'Value': '8.1/10'}]",,series,A group of Australians are nominated for the Australian of the Year Award.,2005,https://m.media-amazon.com/images/M/MV5BMTM1ODY2ODAwNl5BMl5BanBnXkFtZTcwNzE2MDg5MQ@@._V1_SX300.jpg,We Can Be Heroes,8.1,tt0425674,Chris Lilley,30 min,N/A,,N/A,27 Jul 2005,"Chris Lilley, Jennifer Byrne, Mick Graham, Chung Jade Koh",Comedy,3 wins & 5 nominations.,N/A,,True,1
Locked Down,(2021),12(1),"USA, Canada",English,N/A,"2,468","[{'Source': 'Internet Movie Database', 'Value': '4.2/10'}, {'Source': 'Rotten Tomatoes', 'Value': '4%'}]","Buffalo Gal Pictures, Deco Entertainment",movie,"Danny, a respected cop, is setup after an investigation goes wrong. While laying low in his new jail cell, Danny is forced to get involved in the inmates underground cage fighting circuit. ...",2010,https://m.media-amazon.com/images/M/MV5BMTQwMDE3OTcxMV5BMl5BanBnXkFtZTcwMTAyNzkwNQ@@._V1_SX300.jpg,Locked Down,4.2,tt1597033,"D. Glase Lomond (screenplay), Daniel Zirilli (screenplay), Bobby Mort (story)",99 min,N/A,N/A,R,09 Nov 2010,"Tony Schiena, Rashad Evans, Vinnie Jones, Dwier Brown","Action, Crime, Thriller",N/A,Daniel Zirilli,N/A,True,
Don't Look Up,(2021),13(172),"USA, Japan, South Africa","English, Romanian",N/A,"1,475","[{'Source': 'Internet Movie Database', 'Value': '3.1/10'}]",N/A,movie,Evil spirits released from old celluloid cause a film crew to slowly go insane while in production on a new project.,2009,https://m.media-amazon.com/images/M/MV5BMjE1NTYwNTAyOV5BMl5BanBnXkFtZTcwNTA3NDY0Mw@@._V1_SX300.jpg,Don't Look Up,3.1,tt1034305,"Brian Cox (screenplay), Hiroshi Takahashi (screenplay ""Joyû-rei""), Hideo Nakata (story ""Joyurei"")",85 min,N/A,N/A,R,08 Jan 2011,"Rachael Murphy, Eli Roth, Ben DiGregorio, Reshad Strik",Horror,N/A,Fruit Chan,N/A,True,
The King of Staten Island,(2020),14(213),"USA, Japan",English,N/A,"30,519","[{'Source': 'Internet Movie Database', 'Value': '7.1/10'}, {'Source': 'Metacritic', 'Value': '67/100'}]",N/A,movie,Scott has been a case of arrested development since his firefighter dad died. He spends his days smoking weed and dreaming of being a tattoo artist until events force him to grapple with his grief and take his first steps forward in life.,2020,https://m.media-amazon.com/images/M/MV5BYzkxMzMzOTgtNmZhMS00MGM0LTk3MzUtMjE1MzI4MzU5ZjkzXkEyXkFqcGdeQXVyMDA4NzMyOA@@._V1_SX300.jpg,The King of Staten Island,7.1,tt9686708,"Judd Apatow, Pete Davidson, Dave Sirus",136 min,67,N/A,R,12 Jun 2020,"Pete Davidson, Bel Powley, Ricky Velez, Lou Wilson","Comedy, Drama",13 nominations.,Judd Apatow,N/A,True,
Mortal Kombat,(2021),15(81),USA,English,N/A,"101,501","[{'Source': 'Internet Movie Database', 'Value': '5.8/10'}, {'Source': 'Rotten Tomatoes', 'Value': '48%'}, {'Source': 'Metacritic', 'Value': '58/100'}]",New Line Cinema,movie,Three unknowing martial artists are summoned to a mysterious island to compete in a tournament whose outcome will decide the fate of the world.,1995,https://m.media-amazon.com/images/M/MV5BNjY5NTEzZGItMGY3My00NzE4LThkYTUtYjJkNzk3MDBiMWE3XkEyXkFqcGdeQXVyNzg5MDE1MDk@._V1_SX300.jpg,Mortal Kombat,5.8,tt0113855,"Ed Boon (video games), John Tobias (video games), Kevin Droney",101 min,58,N/A,PG-13,18 Aug 1995,"Christopher Lambert, Robin Shou, Linden Ashby, Cary-Hiroyuki Tagawa","Action, Adventure, Fantasy, Sci-Fi, Thriller",1 win & 3 nominations.,Paul W.S. Anderson,"$70,454,098",True,
One Night in Miami,(2020),16(6),USA,English,N/A,677,"[{'Source': 'Internet Movie Database', 'Value': '6.1/10'}, {'Source': 'Metacritic', 'Value': '81/100'}]",N/A,movie,"One Night in Miami is a fictional account of one incredible night where icons Muhammad Ali, Malcolm X, Sam Cooke, and Jim Brown gathered discussing their roles in the civil rights movement and cultural upheaval of the 60s.",2020,https://m.media-amazon.com/images/M/MV5BYWMzZDBhNTAtMzk2Yy00NjFjLWFmNGYtMDkwMzIxYWUzNTljXkEyXkFqcGdeQXVyMDM2NDM2MQ@@._V1_SX300.jpg,One Night in Miami,6.1,tt10612922,"Kemp Powers (screenplay by), Kemp Powers (based on the stage play ""One Night In Miami..."" by)",114 min,81,N/A,R,25 Dec 2020,"Kingsley Ben-Adir, Eli Goree, Aldis Hodge, Leslie Odom Jr.",Drama,4 wins & 18 nominations.,Regina King,N/A,True,
Barb and Star Go to Vista Del Mar,(2021),"17(3,558)",USA,English,N/A,N/A,[],N/A,movie,A pair of best friends find themselves in over their heads.,2021,https://m.media-amazon.com/images/M/MV5BODI2ZmMyZjgtMjVlZi00ZTJmLThmZTQtMWFiOTUzNThkNjM3XkEyXkFqcGdeQXVyMjMxOTE0ODA@._V1_SX300.jpg,Barb and Star Go to Vista Del Mar,N/A,tt3797512,"Annie Mumolo, Kristen Wiig",N/A,N/A,N/A,N/A,16 Jul 2021,"Kristen Wiig, Jamie Dornan, Wendi McLendon-Covey, Damon Wayans Jr.",Comedy,N/A,Josh Greenbaum,N/A,True,
The Midnight Sky,(2020),18(11),USA,English,N/A,"52,431","[{'Source': 'Internet Movie Database', 'Value': '5.6/10'}, {'Source': 'Metacritic', 'Value': '58/100'}]",N/A,movie,"This post-apocalyptic tale follows Augustine, a lonely scientist in the Arctic, as he races to stop Sully and her fellow astronauts from returning home to a mysterious global catastrophe.",2020,https://m.media-amazon.com/images/M/MV5BNDQwYjJjODMtOWNmNC00NDJjLThiNDgtNzVkOTM1MjY5NDQ5XkEyXkFqcGdeQXVyMTEyMjM2NDc2._V1_SX300.jpg,The Midnight Sky,5.6,tt10539608,"Lily Brooks-Dalton (based on the book 'Good Morning,  Midnight' by), Mark L. Smith (screenplay by)",118 min,58,N/A,PG-13,23 Dec 2020,"George Clooney, Felicity Jones, David Oyelowo, Caoilinn Springall","Drama, Fantasy, Sci-Fi, Thriller",10 nominations.,George Clooney,N/A,True,
Synchronic,(2019),"19(1,521)",USA,English,N/A,"1,104","[{'Source': 'Internet Movie Database', 'Value': '6.5/10'}, {'Source': 'Rotten Tomatoes', 'Value': '80%'}, {'Source': 'Metacritic', 'Value': '66/100'}]","Rustic Films, Patriot Pictures, Love &amp; Death Productions, Pfaff &amp; Pfaff Productions",movie,"Two New Orleans paramedics' lives are ripped apart after they encounter a series of horrific deaths linked to a designer drug with bizarre, otherworldly effects.",2019,https://m.media-amazon.com/images/M/MV5BYWVlNjUxNzctZTI3NC00MDMzLWFlMjAtYmI2NWE5ZWJhYjZmXkEyXkFqcGdeQXVyMTEyMjM2NDc2._V1_SX300.jpg,Synchronic,6.5,tt9016974,Justin Benson,102 min,66,N/A,R,23 Oct 2020,"Jamie Dornan, Anthony Mackie, Katie Aselton, Ally Ioannides","Drama, Horror, Sci-Fi",6 nominations.,"Justin Benson, Aaron Moorhead","$636,673",True,
Shadow in the Cloud,(2020),20(16),"New Zealand, USA",English,N/A,"8,451","[{'Source': 'Internet Movie Database', 'Value': '4.7/10'}, {'Source': 'Metacritic', 'Value': '66/100'}]",N/A,movie,A female WWII pilot traveling with top secret documents on a B-17 Flying Fortress encounters an evil presence on board the flight.,2020,https://m.media-amazon.com/images/M/MV5BNWNiNGQyMzUtN2VmMi00NDI2LWI3NGUtMTEwZGQxYzFjZTNjXkEyXkFqcGdeQXVyMTEyNDk3MjY3._V1_SX300.jpg,Shadow in the Cloud,4.7,tt9691136,"Max Landis, Roseanne Liang",83 min,66,N/A,R,01 Jan 2021,"Chloë Grace Moretz, Nick Robinson, Beulah Koale, Taylor John Smith","Action, Horror, War",1 win.,Roseanne Liang,"$40,000",True,
Master,(2021),"21(3,829)",South Korea,Korean,N/A,"1,972","[{'Source': 'Internet Movie Database', 'Value': '6.6/10'}, {'Source': 'Metacritic', 'Value': '53/100'}]",N/A,movie,South Korea's financial crime unit launches a manhunt for a con man involved in a nationwide financial fraud after he absconds with the money and takes on a new identity.,2016,https://m.media-amazon.com/images/M/MV5BMjI1MzA0ODY5NF5BMl5BanBnXkFtZTgwOTIzNDU4MDI@._V1_SX300.jpg,Master,6.6,tt5735464,N/A,143 min,53,N/A,Not Rated,06 Jan 2017,"Lee Byung-Hun, Dong-won Gang, Kim Woo-Bin, Ji-won Uhm","Action, Crime",2 nominations.,Ui-seok Jo,"$597,251",True,
Fatale,(2020),22(19),USA,English,N/A,94,"[{'Source': 'Internet Movie Database', 'Value': '6.1/10'}, {'Source': 'Metacritic', 'Value': '43/100'}]",N/A,movie,"After a one-night stand, a successful married man finds himself entangled in a cunning police detective's latest investigation.",2020,https://m.media-amazon.com/images/M/MV5BZmI2OThhMmYtZjVjOC00NWE3LWIwOGItMWM1MTEzMGNiOTM4XkEyXkFqcGdeQXVyMTEyMjM2NDc2._V1_SX300.jpg,Fatale,6.1,tt8829830,David Loughery,102 min,43,N/A,R,18 Dec 2020,"Hilary Swank, Michael Ealy, Mike Colter, Kali Hawk",Thriller,N/A,Deon Taylor,"$918,112",True,
Nomadland,(2020),23(6),"USA, Germany",English,N/A,"6,661","[{'Source': 'Internet Movie Database', 'Value': '7.7/10'}, {'Source': 'Metacritic', 'Value': '96/100'}]",N/A,movie,"After losing everything in the Great Recession, a woman embarks on a journey through the American West, living as a van-dwelling modern-day nomad.",2020,https://m.media-amazon.com/images/M/MV5BZTJjYTcwZjEtMzdmOS00OTVjLWEwM2UtYzEyN2I3N2VkYmY1XkEyXkFqcGdeQXVyMDM2NDM2MQ@@._V1_SX300.jpg,Nomadland,7.7,tt9770150,"Jessica Bruder (book), Chloé Zhao (screenplay by)",108 min,96,N/A,R,19 Feb 2021,"Frances McDormand, Gay DeForest, Patricia Grier, Linda May",Drama,82 wins & 59 nominations.,Chloé Zhao,N/A,True,
Another Round,(2020),24(10),"Denmark, Sweden, Netherlands","Danish, Swedish",N/A,"26,793","[{'Source': 'Internet Movie Database', 'Value': '7.8/10'}, {'Source': 'Metacritic', 'Value': '81/100'}]",N/A,movie,"Four friends, all high school teachers, test a theory that they will improve their lives by maintaining a constant level of alcohol in their blood.",2020,https://m.media-amazon.com/images/M/MV5BOTNjM2Y2ZjgtMDc5NS00MDQ1LTgyNGYtYzYwMTAyNWQwYTMyXkEyXkFqcGdeQXVyMjE4NzUxNDA@._V1_SX300.jpg,Another Round,7.8,tt10288566,"Thomas Vinterberg (screenplay), Tobias Lindholm (screenplay)",117 min,81,N/A,Not Rated,18 Dec 2020,"Mads Mikkelsen, Thomas Bo Larsen, Magnus Millang, Lars Ranthe","Comedy, Drama",15 wins & 15 nominations.,Thomas Vinterberg,N/A,True,
Judas and the Black Messiah,(2021),"25(1,521)",USA,English,N/A,N/A,[],N/A,movie,"The story of Fred Hampton, Chairman of the Illinois Black Panther Party, and his fateful betrayal by FBI informant William O'Neal.",2021,https://m.media-amazon.com/images/M/MV5BYjNlZWZmYTUtOGMzNy00ODVlLWFjOGMtNjUwMmUwMWNiMjk5XkEyXkFqcGdeQXVyMTkxNjUyNQ@@._V1_SX300.jpg,Judas and the Black Messiah,N/A,tt9784798,"Will Berson (Screenplay by), Shaka King (screenplay by), Keith Lucas (story by), Kenneth Lucas (story by)",126 min,N/A,N/A,R,12 Feb 2021,"Jesse Plemons, LaKeith Stanfield, Daniel Kaluuya, Martin Sheen","Biography, Drama, History",N/A,Shaka King,N/A,True,
Wonder Woman,(2017),26(13),"USA, UK","English, German, Dutch, French, Spanish, Chinese, Greek,  Ancient (to 1453), North American Indian",N/A,"562,512","[{'Source': 'Internet Movie Database', 'Value': '7.4/10'}, {'Source': 'Rotten Tomatoes', 'Value': '93%'}, {'Source': 'Metacritic', 'Value': '76/100'}]","Atlas Entertainment, Cruel and Unusual",movie,"When a pilot crashes and tells of conflict in the outside world, Diana, an Amazonian warrior in training, leaves home to fight a war, discovering her full powers and true destiny.",2017,https://m.media-amazon.com/images/M/MV5BMTYzODQzYjQtNTczNC00MzZhLTg1ZWYtZDUxYmQ3ZTY4NzA1XkEyXkFqcGdeQXVyODE5NzE3OTE@._V1_SX300.jpg,Wonder Woman,7.4,tt0451279,"Allan Heinberg (screenplay by), Zack Snyder (story by), Allan Heinberg (story by), Jason Fuchs (story by), William Moulton Marston (Wonder Woman created by)",141 min,76,N/A,PG-13,02 Jun 2017,"Gal Gadot, Chris Pine, Connie Nielsen, Robin Wright","Action, Adventure, Fantasy, Sci-Fi, War",24 wins & 71 nominations.,Patty Jenkins,"$412,815,408",True,
The Gentlemen,(2019),27(9),"UK, USA","English, Russian, Spanish, Chinese",N/A,"228,837","[{'Source': 'Internet Movie Database', 'Value': '7.8/10'}, {'Source': 'Metacritic', 'Value': '51/100'}]",N/A,movie,"An American expat tries to sell off his highly profitable marijuana empire in London, triggering plots, schemes, bribery and blackmail in an attempt to steal his domain out from under him.",2019,https://m.media-amazon.com/images/M/MV5BMTlkMmVmYjktYTc2NC00ZGZjLWEyOWUtMjc2MDMwMjQwOTA5XkEyXkFqcGdeQXVyNTI4MzE4MDU@._V1_SX300.jpg,The Gentlemen,7.8,tt8367814,"Guy Ritchie (story by), Ivan Atkinson (story by), Marn Davies (story by), Guy Ritchie (screenplay by)",113 min,51,N/A,R,24 Jan 2020,"Matthew McConaughey, Charlie Hunnam, Michelle Dockery, Jeremy Strong","Action, Comedy, Crime",N/A,Guy Ritchie,"$36,471,795",True,
The Karate Kid Part III,(1989),28(18),USA,English,N/A,"52,026","[{'Source': 'Internet Movie Database', 'Value': '5.3/10'}, {'Source': 'Rotten Tomatoes', 'Value': '15%'}, {'Source': 'Metacritic', 'Value': '36/100'}]","Columbia Pictures Corporation, Weintraub Entertainment Group",movie,"Ostracised villain John Kreese attempts to gain revenge on Daniel and Miyagi, with the help of a Vietnam War comrade, the wealthy owner of a toxic waste disposal business.",1989,https://m.media-amazon.com/images/M/MV5BODk0NzA4MTMtNGQ3Zi00OTdlLThiZmQtOTI0YWEyNDFiMTg2XkEyXkFqcGdeQXVyNTUyMzE4Mzg@._V1_SX300.jpg,The Karate Kid Part III,5.3,tt0097647,"Robert Mark Kamen (characters), Robert Mark Kamen",112 min,36,N/A,PG,30 Jun 1989,"Ralph Macchio, Pat Morita, Robyn Lively, Thomas Ian Griffith","Action, Drama, Family, Sport",5 nominations.,John G. Avildsen,"$38,956,288",True,
Avengers: Endgame,(2019),29(14),USA,"English, Japanese, Xhosa, German",N/A,"799,754","[{'Source': 'Internet Movie Database', 'Value': '8.4/10'}, {'Source': 'Rotten Tomatoes', 'Value': '94%'}, {'Source': 'Metacritic', 'Value': '78/100'}]","Marvel Studios, Walt Disney Pictures",movie,"After the devastating events of Avengers: Infinity War (2018), the universe is in ruins. With the help of remaining allies, the Avengers assemble once more in order to reverse Thanos' actions and restore balance to the universe.",2019,https://m.media-amazon.com/images/M/MV5BMTc5MDE2ODcwNV5BMl5BanBnXkFtZTgwMzI2NzQ2NzM@._V1_SX300.jpg,Avengers: Endgame,8.4,tt4154796,"Christopher Markus (screenplay by), Stephen McFeely (screenplay by), Stan Lee (based on the Marvel comics by), Jack Kirby (based on the Marvel comics by), Joe Simon (Captain America created by), Jack Kirby (Captain America created by), Steve Englehart (Star-Lord created by), Steve Gan (Star-Lord created by), Bill Mantlo (Rocket Raccoon created by), Keith Giffen (Rocket Raccoon created by), Jim Starlin (Thanos,  Gamora & Drax created by), Stan Lee (Groot created by), Larry Lieber (Groot created by), Jack Kirby (Groot created by), Steve Englehart (Mantis created by), Don Heck (Mantis created by)",181 min,78,N/A,PG-13,26 Apr 2019,"Robert Downey Jr., Chris Evans, Mark Ruffalo, Chris Hemsworth","Action, Adventure, Drama, Sci-Fi",Nominated for 1 Oscar. Another 68 wins & 102 nominations.,"Anthony Russo, Joe Russo","$858,373,000",True,
The Little Things,(2021),30(26),Canada,English,N/A,54,"[{'Source': 'Internet Movie Database', 'Value': '6.9/10'}]",N/A,movie,"After a failed suicide attempt, Claire has nothing better to do than go to work. During a cigarette break, she meets Simon, a man with a few issues of his own.",2005,N/A,The Little Things,6.9,tt0461268,Gary Hawes,12 min,N/A,N/A,N/A,11 Sep 2005,"Alisen Down, Ioan Gruffudd, Aaron Douglas, Alistair Abell","Short, Drama",1 nomination.,Gary Hawes,N/A,True,
Run Hide Fight,(2020),31(238),USA,English,N/A,87,"[{'Source': 'Internet Movie Database', 'Value': '7.7/10'}, {'Source': 'Metacritic', 'Value': '13/100'}]",N/A,movie,"17-year-old Zoe Hull uses her wits, survival skills, and compassion to fight for her life, and those of her fellow classmates, against a group of live-streaming school shooters.",2020,https://m.media-amazon.com/images/M/MV5BNDY3NzBjY2MtM2ExYi00MzY2LWE4NDAtOTNlZmVlN2E5ZjYwXkEyXkFqcGdeQXVyNjg2NzQ5Njg@._V1_SX300.jpg,Run Hide Fight,7.7,tt11456054,Kyle Rankin,109 min,13,N/A,N/A,12 Feb 2021,"Thomas Jane, Radha Mitchell, Isabel May, Eli Brown",Action,N/A,Kyle Rankin,N/A,True,
Horizon Line,(2020),"32(4,547)","Sweden, USA",English,N/A,349,"[{'Source': 'Internet Movie Database', 'Value': '5.2/10'}, {'Source': 'Rotten Tomatoes', 'Value': '20%'}]",N/A,movie,A couple flying on a small plane to attend a tropical island wedding must fight for their lives after their pilot suffers a heart attack.,2020,https://m.media-amazon.com/images/M/MV5BMTE1YjYwZmItYWEzMS00MGM3LTlhYTQtOWIyM2Y1MmUzNzUyXkEyXkFqcGdeQXVyMTkxNjUyNQ@@._V1_SX300.jpg,Horizon Line,5.2,tt5498354,"Josh Campbell, Matthew Stuecken",92 min,N/A,N/A,PG-13,12 Jan 2021,"Alexander Dreymon, Allison Williams, Keith David, Pearl Mackie",Thriller,N/A,Mikael Marcimain,N/A,True,
Sound of Metal,(2019),33(9),USA,"English, American Sign Language, French",N/A,"19,182","[{'Source': 'Internet Movie Database', 'Value': '7.8/10'}, {'Source': 'Rotten Tomatoes', 'Value': '97%'}, {'Source': 'Metacritic', 'Value': '81/100'}]",Caviar,movie,A heavy-metal drummer's life is thrown into freefall when he begins to lose his hearing.,2019,https://m.media-amazon.com/images/M/MV5BNjcyYjg0M2ItMzMyZS00NmM1LTlhZDMtN2MxN2RhNWY4YTkwXkEyXkFqcGdeQXVyNjY1MTg4Mzc@._V1_SX300.jpg,Sound of Metal,7.8,tt5363618,"Darius Marder (screenplay by), Abraham Marder (screenplay by), Darius Marder (story by), Derek Cianfrance (story by)",120 min,81,N/A,R,04 Dec 2020,"Riz Ahmed, Olivia Cooke, Paul Raci, Lauren Ridloff","Drama, Music",19 wins & 39 nominations.,Darius Marder,N/A,True,
365 Days,(2020),34(4),Poland,"Polish, English, Italian",N/A,"47,000","[{'Source': 'Internet Movie Database', 'Value': '3.3/10'}]",N/A,movie,"Massimo is a member of the Sicilian Mafia family and Laura is a sales director. She does not expect that on a trip to Sicily trying to save her relationship, Massimo will kidnap her and give her 365 days to fall in love with him.",2020,https://m.media-amazon.com/images/M/MV5BODljZTM3ODAtMDc0YS00NmI4LTlmZTUtM2I5MDAzNTQxZmMxXkEyXkFqcGdeQXVyMTEwMTY3NDI@._V1_SX300.jpg,365 Days,3.3,tt10886166,"Tomasz Klimala (screenplay by), Tomasz Mandes (screen story by), Barbara Bialowas (screen story by), Blanka Lipinska (screen story by), Blanka Lipinska (based on the novel by)",114 min,N/A,N/A,TV-MA,07 Jun 2020,"Anna Maria Sieklucka, Michele Morrone, Bronislaw Wroclawski, Otar Saralidze","Drama, Romance",N/A,"Barbara Bialowas, Tomasz Mandes",N/A,True,
Parasite,(2019),35(12),South Korea,"Korean, English",N/A,"524,336","[{'Source': 'Internet Movie Database', 'Value': '8.6/10'}, {'Source': 'Rotten Tomatoes', 'Value': '99%'}, {'Source': 'Metacritic', 'Value': '96/100'}]","CJ Entertainment, TMS Entertainment",movie,Greed and class discrimination threaten the newly formed symbiotic relationship between the wealthy Park family and the destitute Kim clan.,2019,https://m.media-amazon.com/images/M/MV5BYWZjMjk3ZTItODQ2ZC00NTY5LWE0ZDYtZTI3MjcwN2Q5NTVkXkEyXkFqcGdeQXVyODk4OTc3MTY@._V1_SX300.jpg,Parasite,8.6,tt6751668,"Bong Joon Ho (story by), Bong Joon Ho (screenplay by), Han Jin-won (screenplay by)",132 min,96,N/A,R,08 Nov 2019,"Song Kang-Ho, Lee Sun-kyun, Cho Yeo-jeong, Choi Woo-sik","Comedy, Drama, Thriller",Won 4 Oscars. Another 279 wins & 255 nominations.,Bong Joon Ho,"$53,369,749",True,
Mulan,(2020),36(17),USA,"English, Mandarin",N/A,"255,990","[{'Source': 'Internet Movie Database', 'Value': '7.6/10'}, {'Source': 'Rotten Tomatoes', 'Value': '86%'}, {'Source': 'Metacritic', 'Value': '71/100'}]","Walt Disney Pictures, Walt Disney Animation",movie,"To save her father from death in the army, a young maiden secretly goes in his place and becomes one of China's greatest heroines in the process.",1998,https://m.media-amazon.com/images/M/MV5BODkxNGQ1NWYtNzg0Ny00Yjg3LThmZTItMjE2YjhmZTQ0ODY5XkEyXkFqcGdeQXVyMTQxNzMzNDI@._V1_SX300.jpg,Mulan,7.6,tt0120762,"Robert D. San Souci (based on a story by), Rita Hsiao (screenplay by), Chris Sanders (screenplay by), Philip LaZebnik (screenplay by), Raymond Singer (screenplay by), Eugenia Bostwick-Singer (screenplay by), Dean DeBlois (story co-head), John Sanford (story), Chris Williams (story), Tim Hodge (story), Julius Aguimatang (story), Burny Mattinson (story), Lorna Cook (story), Barry Johnson (story), Thom Enriquez (story), Ed Gombert (story), Joe Grant (story), Floyd Norman (story), Linda Woolverton (additional story material), Jodi Ann Johnson (additional story material), Alan Ormsby (additional story material), David Reynolds (additional story material), Don Dougherty (additional story material), Jorgen Klubien (additional story material), Denis Rich (additional story material), Joe Ekers (additional story material), Theodore Newton (additional story material), Larry Scholl (additional story material), Daan Jippes (additional story material), Frank Nissen (additional story material), Jeff Snow (additional story material)",88 min,71,N/A,G,19 Jun 1998,"Miguel Ferrer, Harvey Fierstein, Freda Foh Shen, June Foray","Animation, Adventure, Family, Fantasy, Musical, War",Nominated for 1 Oscar. Another 17 wins & 20 nominations.,"Tony Bancroft, Barry Cook","$120,620,254",True,
Knives Out,(2019),37(9),USA,"English, Spanish, Hindi",N/A,"444,345","[{'Source': 'Internet Movie Database', 'Value': '7.9/10'}, {'Source': 'Rotten Tomatoes', 'Value': '97%'}, {'Source': 'Metacritic', 'Value': '82/100'}]","FilmNation Entertainment, Media Rights Capital",movie,"A detective investigates the death of a patriarch of an eccentric, combative family.",2019,https://m.media-amazon.com/images/M/MV5BMGUwZjliMTAtNzAxZi00MWNiLWE2NzgtZGUxMGQxZjhhNDRiXkEyXkFqcGdeQXVyNjU1NzU3MzE@._V1_SX300.jpg,Knives Out,7.9,tt8946378,Rian Johnson,130 min,82,N/A,PG-13,27 Nov 2019,"Daniel Craig, Chris Evans, Ana de Armas, Jamie Lee Curtis","Comedy, Crime, Drama, Mystery, Thriller",Nominated for 1 Oscar. Another 41 wins & 92 nominations.,Rian Johnson,"$165,363,234",True,
After We Collided,(2020),38(18),USA,"English, Chinese",N/A,"15,620","[{'Source': 'Internet Movie Database', 'Value': '5.0/10'}, {'Source': 'Metacritic', 'Value': '14/100'}]",N/A,movie,"Based on the 2014 romance novel of the same name, this follows the love life of two young adults.",2020,https://m.media-amazon.com/images/M/MV5BN2UyNGM3MDUtMTIzZi00ZDdkLThlYTktYjk0ZDMzM2JiMjMyXkEyXkFqcGdeQXVyNzE0MjkxMzA@._V1_SX300.jpg,After We Collided,5.0,tt10362466,"Anna Todd (screenplay by), Mario Celaya (screenplay by), Anna Todd (based on the novel by)",105 min,14,N/A,R,23 Oct 2020,"Josephine Langford, Hero Fiennes Tiffin, Dylan Sprouse, Louise Lombard","Drama, Romance",N/A,Roger Kumble,"$2,386,483",True,
The Wolf of Wall Street,(2013),39(4),USA,"English, French",N/A,"1,178,628","[{'Source': 'Internet Movie Database', 'Value': '8.2/10'}, {'Source': 'Rotten Tomatoes', 'Value': '80%'}, {'Source': 'Metacritic', 'Value': '75/100'}]","Appian Way, Emjag, Sikelia",movie,"Based on the true story of Jordan Belfort, from his rise to a wealthy stock-broker living the high life to his fall involving crime, corruption and the federal government.",2013,https://m.media-amazon.com/images/M/MV5BMjIxMjgxNTk0MF5BMl5BanBnXkFtZTgwNjIyOTg2MDE@._V1_SX300.jpg,The Wolf of Wall Street,8.2,tt0993846,"Terence Winter (screenplay), Jordan Belfort (book)",180 min,75,N/A,R,25 Dec 2013,"Leonardo DiCaprio, Jonah Hill, Margot Robbie, Matthew McConaughey","Biography, Crime, Drama",Nominated for 5 Oscars. Another 38 wins & 173 nominations.,Martin Scorsese,"$116,900,694",True,
Once Upon a Time... In Hollywood,(2019),40(7),"USA, UK, China","English, Italian, Spanish, German",N/A,"542,210","[{'Source': 'Internet Movie Database', 'Value': '7.6/10'}, {'Source': 'Rotten Tomatoes', 'Value': '85%'}, {'Source': 'Metacritic', 'Value': '83/100'}]","Columbia Pictures, Bona Film Group, Heyday Films",movie,A faded television actor and his stunt double strive to achieve fame and success in the final years of Hollywood's Golden Age in 1969 Los Angeles.,2019,https://m.media-amazon.com/images/M/MV5BOTg4ZTNkZmUtMzNlZi00YmFjLTk1MmUtNWQwNTM0YjcyNTNkXkEyXkFqcGdeQXVyNjg2NjQwMDQ@._V1_SX300.jpg,Once Upon a Time... In Hollywood,7.6,tt7131622,Quentin Tarantino,161 min,83,N/A,R,26 Jul 2019,"Leonardo DiCaprio, Brad Pitt, Margot Robbie, Emile Hirsch","Comedy, Drama",Won 2 Oscars. Another 136 wins & 339 nominations.,Quentin Tarantino,"$142,502,728",True,
Dune,(2021),41(4),"USA, Mexico",English,N/A,"126,496","[{'Source': 'Internet Movie Database', 'Value': '6.5/10'}, {'Source': 'Rotten Tomatoes', 'Value': '51%'}, {'Source': 'Metacritic', 'Value': '39/100'}]","Universal Pictures, DeLaurentiis Productions",movie,A Duke's son leads desert warriors against the galactic emperor and his father's evil nemesis when they assassinate his father and free their desert world from the emperor's rule.,1984,https://m.media-amazon.com/images/M/MV5BYTAzYzNlMDMtMGRjYS00M2UxLTk0MmEtYmE4YWZiYmEwOTIwL2ltYWdlL2ltYWdlXkEyXkFqcGdeQXVyNzc5MjA3OA@@._V1_SX300.jpg,Dune,6.5,tt0087182,"Frank Herbert (novel), David Lynch (screenplay)",137 min,39,N/A,PG-13,14 Dec 1984,"Francesca Annis, Leonardo Cimino, Brad Dourif, José Ferrer","Action, Adventure, Sci-Fi",Nominated for 1 Oscar. Another 2 wins & 4 nominations.,David Lynch,"$30,925,690",True,
Monster Hunter,(2020),42(13),"China, Germany, Japan, USA",English,N/A,"3,806","[{'Source': 'Internet Movie Database', 'Value': '5.3/10'}, {'Source': 'Metacritic', 'Value': '44/100'}]",N/A,movie,"When Lt. Artemis and her loyal soldiers are transported to a new world, they engage in a desperate battle for survival against enormous enemies with incredible powers. Feature film based on the video game by Capcom.",2020,https://m.media-amazon.com/images/M/MV5BOGU3NTFmNjYtODc3Ny00MWEzLWI3M2ItZjE3NDgwMTI0MzkzXkEyXkFqcGdeQXVyMTEyMjM2NDc2._V1_SX300.jpg,Monster Hunter,5.3,tt6475714,"Paul W.S. Anderson, Kaname Fujioka (video game series)",99 min,44,N/A,PG-13,18 Dec 2020,"Milla Jovovich, Tony Jaa, T.I., Meagan Good","Action, Adventure, Fantasy",N/A,Paul W.S. Anderson,"$9,264,851",True,
Run,(2020),43(22),"USA, Canada",English,N/A,"17,161","[{'Source': 'Internet Movie Database', 'Value': '6.7/10'}, {'Source': 'Metacritic', 'Value': '67/100'}]",N/A,movie,A homeschooled teenager begins to suspect her mother is keeping a dark secret from her.,2020,https://m.media-amazon.com/images/M/MV5BMDcwOWVkZTEtNjJhMy00MGI0LWI3NmYtOGY5NWYxZTQ0YTE5XkEyXkFqcGdeQXVyMjkwOTAyMDU@._V1_SX300.jpg,Run,6.7,tt8633478,"Aneesh Chaganty, Sev Ohanian",90 min,67,N/A,PG-13,20 Nov 2020,"Sarah Paulson, Kiera Allen, Sara Sohn, Pat Healy","Horror, Mystery, Thriller",2 wins & 2 nominations.,Aneesh Chaganty,N/A,True,
Captain Marvel,(2019),44(118),"USA, Australia",English,N/A,"437,802","[{'Source': 'Internet Movie Database', 'Value': '6.9/10'}, {'Source': 'Rotten Tomatoes', 'Value': '79%'}, {'Source': 'Metacritic', 'Value': '64/100'}]",Marvel Studios,movie,Carol Danvers becomes one of the universe's most powerful heroes when Earth is caught in the middle of a galactic war between two alien races.,2019,https://m.media-amazon.com/images/M/MV5BMTE0YWFmOTMtYTU2ZS00ZTIxLWE3OTEtYTNiYzBkZjViZThiXkEyXkFqcGdeQXVyODMzMzQ4OTI@._V1_SX300.jpg,Captain Marvel,6.9,tt4154664,"Anna Boden (screenplay by), Ryan Fleck (screenplay by), Geneva Robertson-Dworet (screenplay by), Nicole Perlman (story by), Meg LeFauve (story by), Anna Boden (story by), Ryan Fleck (story by), Geneva Robertson-Dworet (story by)",123 min,64,N/A,PG-13,08 Mar 2019,"Brie Larson, Samuel L. Jackson, Ben Mendelsohn, Jude Law","Action, Adventure, Sci-Fi",8 wins & 48 nominations.,"Anna Boden, Ryan Fleck","$426,829,839",True,
The Godfather,(1972),45(18),USA,"English, Italian, Latin",N/A,"1,612,983","[{'Source': 'Internet Movie Database', 'Value': '9.2/10'}, {'Source': 'Rotten Tomatoes', 'Value': '98%'}, {'Source': 'Metacritic', 'Value': '100/100'}]",Paramount Pictures,movie,An organized crime dynasty's aging patriarch transfers control of his clandestine empire to his reluctant son.,1972,https://m.media-amazon.com/images/M/MV5BM2MyNjYxNmUtYTAwNi00MTYxLWJmNWYtYzZlODY3ZTk3OTFlXkEyXkFqcGdeQXVyNzkwMjQ5NzM@._V1_SX300.jpg,The Godfather,9.2,tt0068646,"Mario Puzo (screenplay by), Francis Ford Coppola (screenplay by), Mario Puzo (based on the novel by)",175 min,100,N/A,R,24 Mar 1972,"Marlon Brando, Al Pacino, James Caan, Richard S. Castellano","Crime, Drama",Won 3 Oscars. Another 26 wins & 30 nominations.,Francis Ford Coppola,"$134,966,411",True,
Bliss,(2021),"46(14,384)","Turkey, Greece",Turkish,N/A,"7,289","[{'Source': 'Internet Movie Database', 'Value': '7.5/10'}, {'Source': 'Rotten Tomatoes', 'Value': '63%'}, {'Source': 'Metacritic', 'Value': '71/100'}]",N/A,movie,"When an unmarried teenage girl is believed by her family to have given up her virginity, she is ordered to be killed out of shame. But before her relative is able to complete the task, the two encounter a college professor.",2007,https://m.media-amazon.com/images/M/MV5BMjM1MTAwOTk2OF5BMl5BanBnXkFtZTgwMDIzNjY2MDE@._V1_SX300.jpg,Bliss,7.5,tt0978649,"Elif Ayan, Zülfü Livaneli (novel), Abdullah Oguz, Kubilay Tunçer, Sirri Süreyya Önder (adaptation)",105 min,71,N/A,N/A,16 Mar 2007,"Talat Bulut, Özgü Namal, Murat Han, Mustafa Avkiran",Drama,19 wins & 8 nominations.,Abdullah Oguz,N/A,True,
The Trial of the Chicago 7,(2020),47(9),"USA, UK, India",English,N/A,"81,455","[{'Source': 'Internet Movie Database', 'Value': '7.8/10'}, {'Source': 'Metacritic', 'Value': '77/100'}]",N/A,movie,"The story of 7 people on trial stemming from various charges surrounding the uprising at the 1968 Democratic National Convention in Chicago, Illinois.",2020,https://m.media-amazon.com/images/M/MV5BYjYzOGE1MjUtODgyMy00ZDAxLTljYTgtNzk0Njg2YWQwMTZhXkEyXkFqcGdeQXVyMDM2NDM2MQ@@._V1_SX300.jpg,The Trial of the Chicago 7,7.8,tt1070874,Aaron Sorkin,129 min,77,N/A,R,16 Oct 2020,"Eddie Redmayne, Alex Sharp, Sacha Baron Cohen, Jeremy Strong","Drama, History, Thriller",10 wins & 37 nominations.,Aaron Sorkin,N/A,True,
Mank,(2020),48(3),USA,"English, German, Latin",N/A,"32,165","[{'Source': 'Internet Movie Database', 'Value': '7.1/10'}, {'Source': 'Metacritic', 'Value': '79/100'}]",N/A,movie,1930's Hollywood is reevaluated through the eyes of scathing social critic and alcoholic screenwriter Herman J. Mankiewicz as he races to finish the screenplay of Citizen Kane (1941).,2020,https://m.media-amazon.com/images/M/MV5BZTllMjI0ZGYtM2FmZC00ZmY4LTlkNTYtZThlOWQ1OGQyZTA3XkEyXkFqcGdeQXVyMDM2NDM2MQ@@._V1_SX300.jpg,Mank,7.1,tt10618286,Jack Fincher (screen play by),131 min,79,N/A,R,04 Dec 2020,"Gary Oldman, Amanda Seyfried, Lily Collins, Tom Pelphrey","Biography, Comedy, Drama",16 wins & 78 nominations.,David Fincher,N/A,True,
The Karate Kid Part II,(1986),49(37),USA,English,N/A,"76,552","[{'Source': 'Internet Movie Database', 'Value': '6.1/10'}, {'Source': 'Rotten Tomatoes', 'Value': '45%'}, {'Source': 'Metacritic', 'Value': '55/100'}]",Columbia Pictures Corporation,movie,"Daniel accompanies his mentor, Mr. Miyagi, to Miyagi's childhood home in Okinawa. Miyagi visits his dying father and confronts his old rival, while Daniel falls in love and inadvertently makes a new rival of his own.",1986,https://m.media-amazon.com/images/M/MV5BY2E3YjliMWEtYzlmOC00NmU5LWE4NGItNmIyZmNkZjkwNTA0XkEyXkFqcGdeQXVyMTQxNzMzNDI@._V1_SX300.jpg,The Karate Kid Part II,6.1,tt0091326,"Robert Mark Kamen, Robert Mark Kamen (characters created by)",113 min,55,N/A,PG,20 Jun 1986,"Pat Morita, Ralph Macchio, Pat E. Johnson, Bruce Malmuth","Action, Family, Sport",Nominated for 1 Oscar. Another 4 wins & 2 nominations.,John G. Avildsen,"$115,103,979",True,
1917,(2019),50(17),"USA, UK, India, Spain, Canada, China","English, French, German",N/A,"416,038","[{'Source': 'Internet Movie Database', 'Value': '8.3/10'}, {'Source': 'Rotten Tomatoes', 'Value': '89%'}, {'Source': 'Metacritic', 'Value': '78/100'}]","Neal Street Productions, Amblin Entertainment",movie,"April 6th, 1917. As a regiment assembles to wage war deep in enemy territory, two soldiers are assigned to race against time and deliver a message that will stop 1,600 men from walking straight into a deadly trap.",2019,https://m.media-amazon.com/images/M/MV5BOTdmNTFjNDEtNzg0My00ZjkxLTg1ZDAtZTdkMDc2ZmFiNWQ1XkEyXkFqcGdeQXVyNTAzNzgwNTg@._V1_SX300.jpg,1917,8.3,tt8579674,"Sam Mendes, Krysty Wilson-Cairns",119 min,78,N/A,R,10 Jan 2020,"Dean-Charles Chapman, George MacKay, Daniel Mays, Colin Firth","Drama, Thriller, War",Won 3 Oscars. Another 107 wins & 168 nominations.,Sam Mendes,"$159,227,644",True,
Harry Potter and the Sorcerer's Stone,(2001),51(17),"UK, USA",English,N/A,"653,363","[{'Source': 'Internet Movie Database', 'Value': '7.6/10'}, {'Source': 'Rotten Tomatoes', 'Value': '81%'}, {'Source': 'Metacritic', 'Value': '64/100'}]","1492 Pictures, Heyday Films, Warner Brothers",movie,"An orphaned boy enrolls in a school of wizardry, where he learns the truth about himself, his family and the terrible evil that haunts the magical world.",2001,https://m.media-amazon.com/images/M/MV5BNjQ3NWNlNmQtMTE5ZS00MDdmLTlkZjUtZTBlM2UxMGFiMTU3XkEyXkFqcGdeQXVyNjUwNzk3NDc@._V1_SX300.jpg,Harry Potter and the Sorcerer's Stone,7.6,tt0241527,"J.K. Rowling (novel), Steve Kloves (screenplay)",152 min,64,N/A,PG,16 Nov 2001,"Richard Harris, Maggie Smith, Robbie Coltrane, Saunders Triplets","Adventure, Family, Fantasy",Nominated for 3 Oscars. Another 17 wins & 65 nominations.,Chris Columbus,"$318,087,620",True,
The Lord of the Rings: The Fellowship of the Ring,(2001),52(10),"New Zealand, USA","English, Sindarin",N/A,"1,654,348","[{'Source': 'Internet Movie Database', 'Value': '8.8/10'}, {'Source': 'Rotten Tomatoes', 'Value': '91%'}, {'Source': 'Metacritic', 'Value': '92/100'}]","New Line Cinema, WingNut Films, Saul Zaentz Company",movie,A meek Hobbit from the Shire and eight companions set out on a journey to destroy the powerful One Ring and save Middle-earth from the Dark Lord Sauron.,2001,https://m.media-amazon.com/images/M/MV5BN2EyZjM3NzUtNWUzMi00MTgxLWI0NTctMzY4M2VlOTdjZWRiXkEyXkFqcGdeQXVyNDUzOTQ5MjY@._V1_SX300.jpg,The Lord of the Rings: The Fellowship of the Ring,8.8,tt0120737,"J.R.R. Tolkien (novel), Fran Walsh (screenplay), Philippa Boyens (screenplay), Peter Jackson (screenplay)",178 min,92,N/A,PG-13,19 Dec 2001,"Alan Howard, Noel Appleby, Sean Astin, Sala Baker","Action, Adventure, Drama, Fantasy",Won 4 Oscars. Another 115 wins & 125 nominations.,Peter Jackson,"$315,544,750",True,
Greenland,(2020),53(28),"USA, UK",English,N/A,"42,539","[{'Source': 'Internet Movie Database', 'Value': '6.4/10'}, {'Source': 'Metacritic', 'Value': '60/100'}]",N/A,movie,A family struggles for survival in the face of a cataclysmic natural disaster.,2020,https://m.media-amazon.com/images/M/MV5BMzcyMzU4MDUtM2JhOC00ZDg2LTg5MGMtZjc2OGMyMjhlMGE2XkEyXkFqcGdeQXVyMTkxNjUyNQ@@._V1_SX300.jpg,Greenland,6.4,tt7737786,Chris Sparling,119 min,60,N/A,PG-13,18 Dec 2020,"Gerard Butler, Morena Baccarin, Roger Dale Floyd, Scott Glenn","Action, Drama, Thriller",N/A,Ric Roman Waugh,N/A,True,
Ma Rainey's Black Bottom,(2020),54(22),USA,English,N/A,"17,847","[{'Source': 'Internet Movie Database', 'Value': '7.1/10'}, {'Source': 'Metacritic', 'Value': '87/100'}]",N/A,movie,"Chicago, 1927. A recording session. Tensions rise between Ma Rainey, her ambitious horn player and the white management determined to control the uncontrollable ""Mother of the Blues"". Based on Pulitzer Prize winner August Wilson's play.",2020,https://m.media-amazon.com/images/M/MV5BNTBlZGY1OTAtN2RjMC00ZThiLWFiZmUtN2VkOGMxNmMyYjQwXkEyXkFqcGdeQXVyMDM2NDM2MQ@@._V1_SX300.jpg,Ma Rainey's Black Bottom,7.1,tt10514222,"Ruben Santiago-Hudson (screenplay by), August Wilson (based on the play written by)",94 min,87,N/A,R,18 Dec 2020,"Viola Davis, Chadwick Boseman, Colman Domingo, Glynn Turman","Drama, Music",16 wins & 57 nominations.,George C. Wolfe,N/A,True,
The Devil All the Time,(2020),55(4),USA,English,N/A,"87,018","[{'Source': 'Internet Movie Database', 'Value': '7.1/10'}, {'Source': 'Metacritic', 'Value': '55/100'}]",N/A,movie,Sinister characters converge around a young man devoted to protecting those he loves in a postwar backwoods town teeming with corruption and brutality.,2020,https://m.media-amazon.com/images/M/MV5BZmE1NmVmN2EtMjZmZC00YzAyLWE4MWEtYjY5YmExMjUxODU1XkEyXkFqcGdeQXVyMTkxNjUyNQ@@._V1_SX300.jpg,The Devil All the Time,7.1,tt7395114,"Antonio Campos (screenplay by), Paulo Campos (screenplay by), Donald Ray Pollock (based on the novel by)",138 min,55,N/A,R,16 Sep 2020,"Donald Ray Pollock, Bill Skarsgård, Tom Holland, Michael Banks Repeta","Crime, Drama, Thriller",3 nominations.,Antonio Campos,N/A,True,
The Dissident,(2020),"56(1,719)",USA,"Arabic, Turkish, English",N/A,"7,880","[{'Source': 'Internet Movie Database', 'Value': '8.2/10'}, {'Source': 'Metacritic', 'Value': '82/100'}]",N/A,movie,"When Washington Post journalist Jamal Khashoggi disappears in Istanbul, his fiancée and dissidents around the world piece together the clues to a murder and expose a global cover up.",2020,https://m.media-amazon.com/images/M/MV5BNjJlOWUwODAtYWQ3My00MTBjLWIyYjgtZGFiNDRlYjc5NWUyXkEyXkFqcGdeQXVyMDM2NDM2MQ@@._V1_SX300.jpg,The Dissident,8.2,tt11382384,"Bryan Fogel, Mark Monroe",119 min,82,N/A,PG-13,08 Jan 2021,"Omar Abdulaziz, Fahrettin Altun, John O. Brennan, Hatice Cengiz","Documentary, Crime, Thriller",3 nominations.,Bryan Fogel,"$57,000",True,
Catch Me If You Can,(2002),57(29),"USA, Canada","English, French",N/A,"829,086","[{'Source': 'Internet Movie Database', 'Value': '8.1/10'}, {'Source': 'Rotten Tomatoes', 'Value': '96%'}, {'Source': 'Metacritic', 'Value': '75/100'}]","Amblin Entertainment, DreamWorks SKG, Parkes/MacDonald, Splendid Pictures",movie,"Barely 21 yet, Frank is a skilled forger who has passed as a doctor, lawyer and pilot. FBI agent Carl becomes obsessed with tracking down the con man, who only revels in the pursuit.",2002,https://m.media-amazon.com/images/M/MV5BMTY5MzYzNjc5NV5BMl5BanBnXkFtZTYwNTUyNTc2._V1_SX300.jpg,Catch Me If You Can,8.1,tt0264464,"Jeff Nathanson (screenplay), Frank Abagnale Jr. (book), Stan Redding (book)",141 min,75,N/A,PG-13,25 Dec 2002,"Leonardo DiCaprio, Tom Hanks, Christopher Walken, Martin Sheen","Biography, Crime, Drama",Nominated for 2 Oscars. Another 16 wins & 44 nominations.,Steven Spielberg,"$164,615,351",True,
The Shawshank Redemption,(1994),58(19),USA,English,N/A,"2,321,344","[{'Source': 'Internet Movie Database', 'Value': '9.3/10'}, {'Source': 'Rotten Tomatoes', 'Value': '91%'}, {'Source': 'Metacritic', 'Value': '80/100'}]","Columbia Pictures, Castle Rock Entertainment",movie,"Two imprisoned men bond over a number of years, finding solace and eventual redemption through acts of common decency.",1994,https://m.media-amazon.com/images/M/MV5BMDFkYTc0MGEtZmNhMC00ZDIzLWFmNTEtODM1ZmRlYWMwMWFmXkEyXkFqcGdeQXVyMTMxODk2OTU@._V1_SX300.jpg,The Shawshank Redemption,9.3,tt0111161,"Stephen King (short story ""Rita Hayworth and Shawshank Redemption""), Frank Darabont (screenplay)",142 min,80,N/A,R,14 Oct 1994,"Tim Robbins, Morgan Freeman, Bob Gunton, William Sadler",Drama,Nominated for 7 Oscars. Another 21 wins & 36 nominations.,Frank Darabont,"$28,699,976",True,
The Croods: A New Age,(2020),59(28),USA,English,N/A,"12,721","[{'Source': 'Internet Movie Database', 'Value': '7.0/10'}, {'Source': 'Rotten Tomatoes', 'Value': '76%'}, {'Source': 'Metacritic', 'Value': '56/100'}]",DreamWorks Animation,movie,"The prehistoric family the Croods are challenged by a rival family the Bettermans, who claim to be better and more evolved.",2020,https://m.media-amazon.com/images/M/MV5BNGU1NGNiYzYtMTQ2Ni00M2ZlLTg0N2QtMDFhMzNjNzcyMGYyXkEyXkFqcGdeQXVyMDM2NDM2MQ@@._V1_SX300.jpg,The Croods: A New Age,7.0,tt2850386,"Kevin Hageman (screenplay by), Dan Hageman (screenplay by), Paul Fisher (screenplay by), Bob Logan (screenplay by), Kirk DeMicco (story by), Chris Sanders (story by)",95 min,56,N/A,PG,25 Nov 2020,"Nicolas Cage, Emma Stone, Ryan Reynolds, Catherine Keener","Animation, Adventure, Comedy, Family, Fantasy",7 nominations.,Joel Crawford,"$37,249,465",True,
The Girl with the Dragon Tattoo,(2011),60(73),"USA, Sweden, Norway","English, Swedish",N/A,"421,002","[{'Source': 'Internet Movie Database', 'Value': '7.8/10'}, {'Source': 'Rotten Tomatoes', 'Value': '86%'}, {'Source': 'Metacritic', 'Value': '71/100'}]","Scott Rudin Productions, Yellow Bird",movie,"Journalist Mikael Blomkvist is aided in his search for a woman who has been missing for forty years by Lisbeth Salander, a young computer hacker.",2011,https://m.media-amazon.com/images/M/MV5BMTczNDk4NTQ0OV5BMl5BanBnXkFtZTcwNDAxMDgxNw@@._V1_SX300.jpg,The Girl with the Dragon Tattoo,7.8,tt1568346,"Steven Zaillian (screenplay by), Stieg Larsson (novel)",158 min,71,N/A,R,21 Dec 2011,"Daniel Craig, Rooney Mara, Christopher Plummer, Stellan Skarsgård","Crime, Drama, Mystery, Thriller",Won 1 Oscar. Another 26 wins & 91 nominations.,David Fincher,"$102,515,793",True,
Army of the Dead,(2021),61(91),USA,English,N/A,808,"[{'Source': 'Internet Movie Database', 'Value': '2.6/10'}, {'Source': 'Rotten Tomatoes', 'Value': '14%'}]",Contifilms,movie,"In 1590, Coronado dispatched a division of one thousand men to find the legendary city of gold, El Dorado. Those men never returned. While searching Baja peninsula caves as part of an ...",2008,https://m.media-amazon.com/images/M/MV5BOTQ1OTIwMjg0NV5BMl5BanBnXkFtZTcwNTU2Mzk1MQ@@._V1_SX300.jpg,Army of the Dead,2.6,tt0478855,"Michael Ciccolini, Joseph Conti (creator), Tom Woosley",89 min,N/A,N/A,R,15 Jan 2008,"Ross Kelly, Stefani Marchesi, Miguel Martinez, Mike Hatfield","Action, Horror",N/A,Joseph Conti,N/A,True,
Interstellar,(2014),62(14),"USA, UK, Canada",English,N/A,"1,502,526","[{'Source': 'Internet Movie Database', 'Value': '8.6/10'}, {'Source': 'Rotten Tomatoes', 'Value': '72%'}, {'Source': 'Metacritic', 'Value': '74/100'}]","Syncopy, Lynda Obst Productions",movie,A team of explorers travel through a wormhole in space in an attempt to ensure humanity's survival.,2014,https://m.media-amazon.com/images/M/MV5BZjdkOTU3MDktN2IxOS00OGEyLWFmMjktY2FiMmZkNWIyODZiXkEyXkFqcGdeQXVyMTMxODk2OTU@._V1_SX300.jpg,Interstellar,8.6,tt0816692,"Jonathan Nolan, Christopher Nolan",169 min,74,N/A,PG-13,07 Nov 2014,"Ellen Burstyn, Matthew McConaughey, Mackenzie Foy, John Lithgow","Adventure, Drama, Sci-Fi",Won 1 Oscar. Another 43 wins & 148 nominations.,Christopher Nolan,"$188,020,017",True,
The Dark Knight,(2008),63(4),"USA, UK","English, Mandarin",N/A,"2,294,527","[{'Source': 'Internet Movie Database', 'Value': '9.0/10'}, {'Source': 'Rotten Tomatoes', 'Value': '94%'}, {'Source': 'Metacritic', 'Value': '84/100'}]",Syncopy,movie,"When the menace known as the Joker wreaks havoc and chaos on the people of Gotham, Batman must accept one of the greatest psychological and physical tests of his ability to fight injustice.",2008,https://m.media-amazon.com/images/M/MV5BMTMxNTMwODM0NF5BMl5BanBnXkFtZTcwODAyMTk2Mw@@._V1_SX300.jpg,The Dark Knight,9.0,tt0468569,"Jonathan Nolan (screenplay), Christopher Nolan (screenplay), Christopher Nolan (story), David S. Goyer (story), Bob Kane (characters)",152 min,84,N/A,PG-13,18 Jul 2008,"Christian Bale, Heath Ledger, Aaron Eckhart, Michael Caine","Action, Crime, Drama, Thriller",Won 2 Oscars. Another 156 wins & 163 nominations.,Christopher Nolan,"$534,858,444",True,
The Marksman,(2021),64(199),USA,English,N/A,"4,287","[{'Source': 'Internet Movie Database', 'Value': '4.1/10'}, {'Source': 'Rotten Tomatoes', 'Value': '23%'}]",Castel Film Romania,movie,"With Russia on the brink of nuclear annihilation, there's only one man who can save it: an elite U.S. Special Forces operative who's been ordered to take out a Chechen nuclear power plant before terrorists set off a live reactor.",2005,https://m.media-amazon.com/images/M/MV5BYjljZmM0YzYtOWRhNi00NjFiLTg1OTItM2QzMTg0YjUxY2YxXkEyXkFqcGdeQXVyMTY5Nzc4MDY@._V1_SX300.jpg,The Marksman,4.1,tt0457090,"Travis Spangler (story), Tyler Spangler (story), J.S. Cardone (story), J.S. Cardone (screenplay), Andy Hurst (screenplay)",95 min,N/A,N/A,R,12 Oct 2005,"Wesley Snipes, William Hope, Emma Samms, Anthony Warren","Action, Adventure, Thriller",N/A,Marcus Adams,N/A,True,
The Matrix 4,(2021),65(9),USA,English,N/A,N/A,[],N/A,movie,The plot is currently unknown.,2021,https://m.media-amazon.com/images/M/MV5BN2I5NzlmMWYtYjIwYy00Y2ZiLWI0ODgtYjAxNDZiZGJlMjlhXkEyXkFqcGdeQXVyMzk1MDQ2MQ@@._V1_SX300.jpg,The Matrix 4,N/A,tt10838180,"Aleksandar Hemon, David Mitchell, Lana Wachowski",N/A,N/A,N/A,N/A,22 Dec 2021,"Priyanka Chopra, Keanu Reeves, Jessica Henwick, Carrie-Anne Moss","Action, Sci-Fi",N/A,Lana Wachowski,N/A,True,
No Time to Die,(2021),66(11),"Italy, West Germany, Indonesia",German,N/A,49,"[{'Source': 'Internet Movie Database', 'Value': '3.9/10'}]",N/A,movie,"John Phillip Law as Ted Barner, a low-level employee of a corporation in Indonesia who is charged with testing a new laser weapon. Accompanied by an engineer who works for the corporation ...",1984,https://m.media-amazon.com/images/M/MV5BZGY5ODBmZDktOTZhYS00NWMzLTljNjQtNDVlOTg0ZjIzMDg1XkEyXkFqcGdeQXVyMTY1MTcxMzc@._V1_SX300.jpg,No Time to Die,3.9,tt0087118,"Helmuth Ashley, Joseph Ellison (dialogue director), Günther Heller, Heinz-Werner John",81 min,N/A,N/A,N/A,30 Nov 1984,"John Phillip Law, Horst Janson, Grazyna Dylag, Barry Prima","Action, Adventure",N/A,Helmuth Ashley,N/A,True,
Joker,(2019),67(5),"USA, Canada",English,N/A,"913,012","[{'Source': 'Internet Movie Database', 'Value': '8.5/10'}, {'Source': 'Rotten Tomatoes', 'Value': '68%'}, {'Source': 'Metacritic', 'Value': '59/100'}]","Bron Studios, Creative Wealth Media Finance, DC Comics",movie,"In Gotham City, mentally troubled comedian Arthur Fleck is disregarded and mistreated by society. He then embarks on a downward spiral of revolution and bloody crime. This path brings him face-to-face with his alter-ego: the Joker.",2019,https://m.media-amazon.com/images/M/MV5BNGVjNWI4ZGUtNzE0MS00YTJmLWE0ZDctN2ZiYTk2YmI3NTYyXkEyXkFqcGdeQXVyMTkxNjUyNQ@@._V1_SX300.jpg,Joker,8.5,tt7286456,"Todd Phillips, Scott Silver, Bob Kane (based on characters created by), Bill Finger (based on characters created by), Jerry Robinson (based on characters created by)",122 min,59,N/A,R,04 Oct 2019,"Joaquin Phoenix, Robert De Niro, Zazie Beetz, Frances Conroy","Crime, Drama, Thriller",Won 2 Oscars. Another 108 wins & 223 nominations.,Todd Phillips,"$335,451,311",True,
Palm Springs,(2020),68(2),"USA, Hong Kong",English,N/A,"69,135","[{'Source': 'Internet Movie Database', 'Value': '7.4/10'}, {'Source': 'Metacritic', 'Value': '83/100'}]",N/A,movie,"When carefree Nyles and reluctant maid of honor Sarah have a chance encounter at a Palm Springs wedding, things get complicated as they are unable to escape the venue, themselves, or each other.",2020,https://m.media-amazon.com/images/M/MV5BYjk0MTgzMmQtZmY2My00NmE5LWExNGUtYjZkNTA3ZDkyMTJiXkEyXkFqcGdeQXVyMTkxNjUyNQ@@._V1_SX300.jpg,Palm Springs,7.4,tt9484998,Andy Siara (screenplay),90 min,83,N/A,R,10 Jul 2020,"Andy Samberg, Cristin Milioti, J.K. Simmons, Peter Gallagher","Comedy, Fantasy, Mystery, Romance",3 wins & 16 nominations.,Max Barbakow,"$164,000",True,
The Batman,(2022),69(1),USA,English,,"9,887","[{'Source': 'Internet Movie Database', 'Value': '7.3/10'}]",,series,Billionaire Bruce Wayne fights crime and evil as the mysterious Batman.,2004–2008,https://m.media-amazon.com/images/M/MV5BZjE2MzA0YTgtNjQ3MS00MjMxLWE2MzMtOGYzMTZjZjFiYTI0XkEyXkFqcGdeQXVyOTgwMzk1MTA@._V1_SX300.jpg,The Batman,7.3,tt0398417,N/A,30 min,N/A,,TV-Y7,11 Sep 2004,"Rino Romano, Alastair Duncan","Animation, Action, Adventure, Crime, Family, Mystery, Sci-Fi",7 wins & 13 nominations.,N/A,,True,5
Emma.,(2020),70(9),UK,English,N/A,"28,585","[{'Source': 'Internet Movie Database', 'Value': '6.7/10'}, {'Source': 'Metacritic', 'Value': '71/100'}]",N/A,movie,"In 1800s England, a well meaning but selfish young woman meddles in the love lives of her friends.",2020,https://m.media-amazon.com/images/M/MV5BOGRiODEzM2QtOTUyYi00MWRlLTg4MzMtZGI0YmUzNWUyMjQ0XkEyXkFqcGdeQXVyMDA4NzMyOA@@._V1_SX300.jpg,Emma.,6.7,tt9214832,"Eleanor Catton (screenplay by), Jane Austen (based on the novel by)",124 min,71,N/A,PG,06 Mar 2020,"Anya Taylor-Joy, Angus Imrie, Letty Thomas, Gemma Whelan","Comedy, Drama, Romance",1 win & 18 nominations.,Autumn de Wilde,"$10,055,355",True,
Love and Monsters,(2020),71(21),"Canada, USA",English,N/A,"28,167","[{'Source': 'Internet Movie Database', 'Value': '7.0/10'}, {'Source': 'Metacritic', 'Value': '59/100'}]",N/A,movie,"In a monster-infested world, Joel learns his girlfriend is just 85 miles away. To make the dangerous journey, Joel discovers his inner hero to be with the girl of his dreams.",2020,https://m.media-amazon.com/images/M/MV5BYWVkMWEyMDUtZTVmOC00MTYxLWE1ZTUtNjk4M2IzMjY2OTIxXkEyXkFqcGdeQXVyMDk5Mzc5MQ@@._V1_SX300.jpg,Love and Monsters,7.0,tt2222042,"Brian Duffield (screenplay by), Matthew Robinson (screenplay by), Brian Duffield (story by)",109 min,59,N/A,PG-13,16 Oct 2020,"Dylan O'Brien, Jessica Henwick, Michael Rooker, Dan Ewing","Action, Adventure, Comedy, Fantasy, Sci-Fi",2 nominations.,Michael Matthews,"$1,070,714",True,
Goodfellas,(1990),72(8),USA,"English, Italian",N/A,"1,016,441","[{'Source': 'Internet Movie Database', 'Value': '8.7/10'}, {'Source': 'Rotten Tomatoes', 'Value': '96%'}, {'Source': 'Metacritic', 'Value': '90/100'}]",Warner Brothers,movie,"The story of Henry Hill and his life in the mob, covering his relationship with his wife Karen Hill and his mob partners Jimmy Conway and Tommy DeVito in the Italian-American crime syndicate.",1990,https://m.media-amazon.com/images/M/MV5BY2NkZjEzMDgtN2RjYy00YzM1LWI4ZmQtMjIwYjFjNmI3ZGEwXkEyXkFqcGdeQXVyNzkwMjQ5NzM@._V1_SX300.jpg,Goodfellas,8.7,tt0099685,"Nicholas Pileggi (book), Nicholas Pileggi (screenplay), Martin Scorsese (screenplay)",146 min,90,N/A,R,21 Sep 1990,"Robert De Niro, Ray Liotta, Joe Pesci, Lorraine Bracco","Biography, Crime, Drama",Won 1 Oscar. Another 43 wins & 38 nominations.,Martin Scorsese,"$46,836,214",True,
Ready Player One,(2018),73(5),"USA, India",English,N/A,"367,908","[{'Source': 'Internet Movie Database', 'Value': '7.5/10'}, {'Source': 'Rotten Tomatoes', 'Value': '72%'}, {'Source': 'Metacritic', 'Value': '64/100'}]","RatPac-Dune Entertainment, Warner Bros., Village Roadshow Pictures, Amblin Entertainment, De Line Pictures",movie,"When the creator of a virtual reality called the OASIS dies, he makes a posthumous challenge to all OASIS users to find his Easter Egg, which will give the finder his fortune and control of his world.",2018,https://m.media-amazon.com/images/M/MV5BY2JiYTNmZTctYTQ1OC00YjU4LWEwMjYtZjkwY2Y5MDI0OTU3XkEyXkFqcGdeQXVyNTI4MzE4MDU@._V1_SX300.jpg,Ready Player One,7.5,tt1677720,"Zak Penn (screenplay by), Ernest Cline (screenplay by), Ernest Cline (based on the novel by)",140 min,64,N/A,PG-13,29 Mar 2018,"Tye Sheridan, Olivia Cooke, Ben Mendelsohn, Lena Waithe","Action, Adventure, Sci-Fi",Nominated for 1 Oscar. Another 11 wins & 55 nominations.,Steven Spielberg,"$137,690,172",True,
Red Notice,(2021),74(569),USA,English,N/A,N/A,[],N/A,movie,An Interpol agent tracks the world's most wanted art thief.,2021,https://m.media-amazon.com/images/M/MV5BOWQ2MWRiMTItNTk2ZC00MDc1LWI1ZTMtMTBjODU4YmU3YzIzXkEyXkFqcGdeQXVyNzU3NjUxMzE@._V1_SX300.jpg,Red Notice,N/A,tt7991608,Rawson Marshall Thurber,N/A,N/A,N/A,N/A,13 Nov 2020,"Dwayne Johnson, Ryan Reynolds, Gal Gadot, Ritu Arya","Action, Adventure, Comedy, Crime, Thriller",N/A,Rawson Marshall Thurber,N/A,True,
The Suicide Squad,(2021),75(11),USA,English,N/A,N/A,[],N/A,movie,Plot is unknown.,2021,https://m.media-amazon.com/images/M/MV5BMzEzNzEyM2EtODM3OC00NWM4LTk3OTEtZjg3YjEzYTM1Zjk2XkEyXkFqcGdeQXVyMTkxNjUyNQ@@._V1_SX300.jpg,The Suicide Squad,N/A,tt6334354,"James Gunn, John Ostrander (comic book)",N/A,N/A,N/A,N/A,06 Aug 2021,"Viola Davis, Margot Robbie, Taika Waititi, Alice Braga","Action, Adventure, Fantasy, Mystery, Sci-Fi",N/A,James Gunn,N/A,True,
Star Wars: Episode IX - The Rise of Skywalker,(2019),76(17),USA,English,N/A,"365,356","[{'Source': 'Internet Movie Database', 'Value': '6.6/10'}, {'Source': 'Rotten Tomatoes', 'Value': '51%'}, {'Source': 'Metacritic', 'Value': '53/100'}]","Bad Robot, Lucasfilm Ltd.",movie,"The surviving members of the resistance face the First Order once again, and the legendary conflict between the Jedi and the Sith reaches its peak bringing the Skywalker saga to its end.",2019,https://m.media-amazon.com/images/M/MV5BMDljNTQ5ODItZmQwMy00M2ExLTljOTQtZTVjNGE2NTg0NGIxXkEyXkFqcGdeQXVyODkzNTgxMDg@._V1_SX300.jpg,Star Wars: Episode IX - The Rise of Skywalker,6.6,tt2527338,"Chris Terrio (screenplay by), J.J. Abrams (screenplay by), Derek Connolly (story by), Colin Trevorrow (story by), J.J. Abrams (story by), Chris Terrio (story by), George Lucas (based on characters created by)",141 min,53,N/A,PG-13,20 Dec 2019,"Carrie Fisher, Mark Hamill, Adam Driver, Daisy Ridley","Action, Adventure, Fantasy, Sci-Fi",Nominated for 3 Oscars. Another 8 wins & 38 nominations.,J.J. Abrams,"$515,202,542",True,
Instant Family,(2018),77(515),USA,"English, Spanish",N/A,"86,075","[{'Source': 'Internet Movie Database', 'Value': '7.3/10'}, {'Source': 'Rotten Tomatoes', 'Value': '81%'}, {'Source': 'Metacritic', 'Value': '57/100'}]",Closest to the Hole,movie,A couple find themselves in over their heads when they foster three children.,2018,https://m.media-amazon.com/images/M/MV5BMTkzMzgzMTc1OF5BMl5BanBnXkFtZTgwNjQ4MzE0NjM@._V1_SX300.jpg,Instant Family,7.3,tt7401588,"Sean Anders, John Morris",118 min,57,N/A,PG-13,16 Nov 2018,"Mark Wahlberg, Rose Byrne, Isabela Merced, Gustavo Escobar","Comedy, Drama",2 wins & 5 nominations.,Sean Anders,"$67,363,237",True,
Ava,(2020),78(34),USA,"English, French, German",N/A,"28,881","[{'Source': 'Internet Movie Database', 'Value': '5.4/10'}, {'Source': 'Metacritic', 'Value': '39/100'}]",N/A,movie,"Ava is a deadly assassin who works for a black ops organization, traveling the globe specializing in high profile hits. When a job goes dangerously wrong she is forced to fight for her own survival.",2020,https://m.media-amazon.com/images/M/MV5BMTMzMTg1MjgtOWNhYy00NmZmLWExOTctMjA2OTZhZDFkNDhhXkEyXkFqcGdeQXVyNzAwMjU2MTY@._V1_SX300.jpg,Ava,5.4,tt8784956,Matthew Newton,96 min,39,N/A,R,25 Sep 2020,"Jessica Chastain, John Malkovich, Common, Geena Davis","Action, Crime, Drama, Thriller",N/A,Tate Taylor,"$497,747",True,
Inception,(2010),79(9),"USA, UK","English, Japanese, French",N/A,"2,058,501","[{'Source': 'Internet Movie Database', 'Value': '8.8/10'}, {'Source': 'Rotten Tomatoes', 'Value': '87%'}, {'Source': 'Metacritic', 'Value': '74/100'}]","Syncopy, Warner Bros.",movie,A thief who steals corporate secrets through the use of dream-sharing technology is given the inverse task of planting an idea into the mind of a C.E.O.,2010,https://m.media-amazon.com/images/M/MV5BMjAxMzY3NjcxNF5BMl5BanBnXkFtZTcwNTI5OTM0Mw@@._V1_SX300.jpg,Inception,8.8,tt1375666,Christopher Nolan,148 min,74,N/A,PG-13,16 Jul 2010,"Leonardo DiCaprio, Joseph Gordon-Levitt, Elliot Page, Tom Hardy","Action, Adventure, Sci-Fi, Thriller",Won 4 Oscars. Another 152 wins & 218 nominations.,Christopher Nolan,"$292,576,195",True,
Clue,(1985),80(441),USA,"English, French",N/A,"81,859","[{'Source': 'Internet Movie Database', 'Value': '7.3/10'}, {'Source': 'Rotten Tomatoes', 'Value': '65%'}, {'Source': 'Metacritic', 'Value': '39/100'}]","PolyGram Filmed Entertainment, Guber-Peters Company, Debra Hill Productions",movie,"Six guests are anonymously invited to a strange mansion for dinner, but after their host is killed, they must cooperate with the staff to identify the murderer as the bodies pile up.",1985,https://m.media-amazon.com/images/M/MV5BM2VlNTE1ZmMtOTAyNS00ODYwLWFmY2MtZWEzOTE2YjE1NDE2XkEyXkFqcGdeQXVyNDk3NzU2MTQ@._V1_SX300.jpg,Clue,7.3,tt0088930,"John Landis (story), Jonathan Lynn (story), Jonathan Lynn (screenplay)",94 min,39,N/A,PG,13 Dec 1985,"Eileen Brennan, Tim Curry, Madeline Kahn, Christopher Lloyd","Comedy, Crime, Mystery, Thriller",N/A,Jonathan Lynn,"$14,643,997",True,
Blade Runner 2049,(2017),81(25),"USA, UK, Hungary, Canada, Spain","English, Finnish, Japanese, Hungarian, Russian, Somali, Spanish",N/A,"458,979","[{'Source': 'Internet Movie Database', 'Value': '8.0/10'}, {'Source': 'Rotten Tomatoes', 'Value': '88%'}, {'Source': 'Metacritic', 'Value': '81/100'}]","Torridon Films, Scott Free Productions, Bud Yorkin Productions, Alcon Entertainment, 16:14 Entertainment",movie,"Young Blade Runner K's discovery of a long-buried secret leads him to track down former Blade Runner Rick Deckard, who's been missing for thirty years.",2017,https://m.media-amazon.com/images/M/MV5BNzA1Njg4NzYxOV5BMl5BanBnXkFtZTgwODk5NjU3MzI@._V1_SX300.jpg,Blade Runner 2049,8.0,tt1856101,"Hampton Fancher (screenplay by), Michael Green (screenplay by), Hampton Fancher (story by), Philip K. Dick (based on characters from the novel ""Do Androids Dream of Electric Sheep?"" by)",164 min,81,N/A,R,06 Oct 2017,"Ryan Gosling, Dave Bautista, Robin Wright, Mark Arnold","Action, Drama, Mystery, Sci-Fi, Thriller",Won 2 Oscars. Another 96 wins & 157 nominations.,Denis Villeneuve,"$92,054,159",True,
The New Mutants,(2020),82(17),USA,"English, Portuguese, Latin",N/A,"39,137","[{'Source': 'Internet Movie Database', 'Value': '5.3/10'}, {'Source': 'Rotten Tomatoes', 'Value': '33%'}, {'Source': 'Metacritic', 'Value': '43/100'}]","20th Century Fox, Donners&#39; Company",movie,"Five young mutants, just discovering their abilities while held in a secret facility against their will, fight to escape their past sins and save themselves.",2020,https://m.media-amazon.com/images/M/MV5BZDQ2NTdmNDgtMGIwMS00ODE2LTk5M2EtZGZhYzc4MWRlNTU3XkEyXkFqcGdeQXVyNTc4MjczMTM@._V1_SX300.jpg,The New Mutants,5.3,tt4682266,"Josh Boone, Knate Lee",94 min,43,N/A,PG-13,28 Aug 2020,"Maisie Williams, Anya Taylor-Joy, Charlie Heaton, Alice Braga","Action, Horror, Sci-Fi",2 nominations.,Josh Boone,"$23,852,659",True,
Mad Max: Fury Road,(2015),83(26),"Australia, South Africa, USA","English, Russian",N/A,"877,293","[{'Source': 'Internet Movie Database', 'Value': '8.1/10'}, {'Source': 'Rotten Tomatoes', 'Value': '97%'}, {'Source': 'Metacritic', 'Value': '90/100'}]","Kennedy Miller Mitchell, Village Roadshow Pictures, Warner Bros. Pictures",movie,"In a post-apocalyptic wasteland, a woman rebels against a tyrannical ruler in search for her homeland with the aid of a group of female prisoners, a psychotic worshiper, and a drifter named Max.",2015,https://m.media-amazon.com/images/M/MV5BN2EwM2I5OWMtMGQyMi00Zjg1LWJkNTctZTdjYTA4OGUwZjMyXkEyXkFqcGdeQXVyMTMxODk2OTU@._V1_SX300.jpg,Mad Max: Fury Road,8.1,tt1392190,"George Miller, Brendan McCarthy, Nick Lathouris",120 min,90,N/A,R,15 May 2015,"Tom Hardy, Charlize Theron, Nicholas Hoult, Hugh Keays-Byrne","Action, Adventure, Sci-Fi, Thriller",Won 6 Oscars. Another 236 wins & 229 nominations.,George Miller,"$154,058,340",True,
Jumanji: Level One,(2021),84(119),USA,English,N/A,N/A,[],N/A,movie,"Takes place in 1869, before the events of the original movie. It will finally reveal how the cursed game came to be and the adventures of the first people who played Jumanji.",2020,https://m.media-amazon.com/images/M/MV5BMWI0ZTM3ZmEtNmY2OS00NGFhLWFjYmYtMmNkMjMxNzBiZGIwXkEyXkFqcGdeQXVyMjI1MTU4OTM@._V1_SX300.jpg,Jumanji: Level One,N/A,tt13249100,Dylan Sides,N/A,N/A,N/A,N/A,31 Dec 2020,"Robert Laenen, Heather Fairbanks, Adam DeFilippi, Justin Mane",Adventure,N/A,Lance Kawas,N/A,True,
Honest Thief,(2020),85(36),USA,"English, Spanish",N/A,"19,577","[{'Source': 'Internet Movie Database', 'Value': '6.0/10'}, {'Source': 'Metacritic', 'Value': '46/100'}]",N/A,movie,"Wanting to lead an honest life, a notorious bank robber turns himself in, only to be double-crossed by two ruthless FBI agents.",2020,https://m.media-amazon.com/images/M/MV5BZjEwNjYyMTMtODc5Yi00NTg5LTkwMzAtZTkyOTcyNTFkMGIyXkEyXkFqcGdeQXVyMDA4NzMyOA@@._V1_SX300.jpg,Honest Thief,6.0,tt1838556,"Steve Allrich, Mark Williams, Steve Allrich (story by), Mark Williams (story by)",99 min,46,N/A,PG-13,16 Oct 2020,"Liam Neeson, Kate Walsh, Jai Courtney, Jeffrey Donovan","Action, Crime, Drama, Thriller",N/A,Mark Williams,"$14,163,574",True,
Charming,(2018),"86(1,796)","Canada, USA, Cayman Islands",English,N/A,"2,476","[{'Source': 'Internet Movie Database', 'Value': '5.6/10'}, {'Source': 'Rotten Tomatoes', 'Value': '25%'}]",Vanguard Animation,movie,"Three fairy tale princesses find themselves engaged to the same guy, Prince Charming.",2018,https://m.media-amazon.com/images/M/MV5BYjUwNTFiNjctZDE0NS00YmNmLWI3NTctNGY4MTRhZWVhNGI1XkEyXkFqcGdeQXVyNzYxNDg0NTg@._V1_SX300.jpg,Charming,5.6,tt4086018,Ross Venokur,85 min,N/A,N/A,TV-Y7,08 Jan 2021,"Demi Lovato, Wilmer Valderrama, Sia, Nia Vardalos","Animation, Adventure, Comedy, Family, Fantasy, Musical",N/A,Ross Venokur,N/A,True,
Pulp Fiction,(1994),87(5),USA,"English, Spanish, French",N/A,"1,819,518","[{'Source': 'Internet Movie Database', 'Value': '8.9/10'}, {'Source': 'Rotten Tomatoes', 'Value': '92%'}, {'Source': 'Metacritic', 'Value': '94/100'}]","Miramax Films, A Band Apart, Jersey Films",movie,"The lives of two mob hitmen, a boxer, a gangster and his wife, and a pair of diner bandits intertwine in four tales of violence and redemption.",1994,https://m.media-amazon.com/images/M/MV5BNGNhMDIzZTUtNTBlZi00MTRlLWFjM2ItYzViMjE3YzI5MjljXkEyXkFqcGdeQXVyNzkwMjQ5NzM@._V1_SX300.jpg,Pulp Fiction,8.9,tt0110912,"Quentin Tarantino (stories), Roger Avary (stories), Quentin Tarantino",154 min,94,N/A,R,14 Oct 1994,"Tim Roth, Amanda Plummer, Laura Lovelace, John Travolta","Crime, Drama",Won 1 Oscar. Another 69 wins & 75 nominations.,Quentin Tarantino,"$107,928,762",True,
Batman: Soul of the Dragon,(2021),"88(4,612)",USA,English,N/A,N/A,[],N/A,movie,"In the 1970s, a missing teacher of martial arts is the subject of a quest by his devoted and brilliant but distant students, who include Batman.",2021,https://m.media-amazon.com/images/M/MV5BMmQ0MDNmYTItMjcyOS00MDc1LTljMTItOTNmNmVlMTA3NmRiXkEyXkFqcGdeQXVyMTEyNzgwMDUw._V1_SX300.jpg,Batman: Soul of the Dragon,N/A,tt12885852,Jeremy Adams (script),83 min,N/A,N/A,R,12 Jan 2021,"Jamie Chung, Kelly Hu, Grey Griffin, David Giuntoli","Animation, Action, Adventure, Crime",N/A,Sam Liu,N/A,True,
Enola Holmes,(2020),89(16),UK,English,N/A,"113,826","[{'Source': 'Internet Movie Database', 'Value': '6.6/10'}, {'Source': 'Metacritic', 'Value': '68/100'}]",N/A,movie,"When Enola Holmes-Sherlock's teen sister-discovers her mother missing, she sets off to find her, becoming a super-sleuth in her own right as she outwits her famous brother and unravels a dangerous conspiracy around a mysterious young Lord.",2020,https://m.media-amazon.com/images/M/MV5BZjNkNzk0ZjEtM2M1ZC00MmMxLTlmOWEtNWRlZTc1ZTUyNzY4XkEyXkFqcGdeQXVyMTEyMjM2NDc2._V1_SX300.jpg,Enola Holmes,6.6,tt7846844,"Jack Thorne (screenplay by), Nancy Springer (based upon the book ""The Case of the Missing Marquess: An Enola Holmes Mystery"" by)",123 min,68,N/A,PG-13,23 Sep 2020,"Millie Bobby Brown, Henry Cavill, Sam Claflin, Helena Bonham Carter","Action, Adventure, Crime, Drama, Mystery",N/A,Harry Bradbeer,N/A,True,
The Departed,(2006),90(14),"USA, Hong Kong","English, Cantonese",N/A,"1,179,010","[{'Source': 'Internet Movie Database', 'Value': '8.5/10'}, {'Source': 'Rotten Tomatoes', 'Value': '91%'}, {'Source': 'Metacritic', 'Value': '85/100'}]","Plan B Entertainment, Warner Bros., Initial Entertainment Group, Vertigo",movie,An undercover cop and a mole in the police attempt to identify each other while infiltrating an Irish gang in South Boston.,2006,https://m.media-amazon.com/images/M/MV5BMTI1MTY2OTIxNV5BMl5BanBnXkFtZTYwNjQ4NjY3._V1_SX300.jpg,The Departed,8.5,tt0407887,"William Monahan (screenplay), Alan Mak, Felix Chong",151 min,85,N/A,R,06 Oct 2006,"Leonardo DiCaprio, Matt Damon, Jack Nicholson, Mark Wahlberg","Crime, Drama, Thriller",Won 4 Oscars. Another 94 wins & 140 nominations.,Martin Scorsese,"$132,384,315",True,
Jojo Rabbit,(2019),91(3),"New Zealand, Czech Republic, USA","English, German",N/A,"291,893","[{'Source': 'Internet Movie Database', 'Value': '7.9/10'}, {'Source': 'Rotten Tomatoes', 'Value': '80%'}, {'Source': 'Metacritic', 'Value': '58/100'}]",Unison Films,movie,A young boy in Hitler's army finds out his mother is hiding a Jewish girl in their home.,2019,https://m.media-amazon.com/images/M/MV5BZjU0Yzk2MzEtMjAzYy00MzY0LTg2YmItM2RkNzdkY2ZhN2JkXkEyXkFqcGdeQXVyNDg4NjY5OTQ@._V1_SX300.jpg,Jojo Rabbit,7.9,tt2584384,"Christine Leunens (based upon the book 'Caging Skies' by), Taika Waititi (screenplay by)",108 min,58,N/A,PG-13,08 Nov 2019,"Roman Griffin Davis, Thomasin McKenzie, Scarlett Johansson, Taika Waititi","Comedy, Drama, War",Won 1 Oscar. Another 35 wins & 151 nominations.,Taika Waititi,"$33,370,906",True,
Tag,(2018),92(366),USA,"English, Spanish",N/A,"113,918","[{'Source': 'Internet Movie Database', 'Value': '6.5/10'}, {'Source': 'Rotten Tomatoes', 'Value': '56%'}, {'Source': 'Metacritic', 'Value': '56/100'}]",Broken Road,movie,"A small group of former classmates organize an elaborate, annual game of tag that requires some to travel all over the country.",2018,https://m.media-amazon.com/images/M/MV5BNzk4NDM3NjkwNF5BMl5BanBnXkFtZTgwNTk5MzkzNTM@._V1_SX300.jpg,Tag,6.5,tt2854926,"Rob McKittrick (screenplay by), Mark Steilen (screenplay by), Mark Steilen (screen story by), Russell Adams (based on the Wall Street Journal article entitled ""It Takes Planning,  Caution to Avoid Being It"" by)",100 min,56,N/A,R,15 Jun 2018,"Ed Helms, Lil Rel Howery, Jon Hamm, Annabelle Wallis","Action, Comedy",2 nominations.,Jeff Tomsic,"$54,730,625",True,
The Matrix,(1999),93(4),USA,English,N/A,"1,661,200","[{'Source': 'Internet Movie Database', 'Value': '8.7/10'}, {'Source': 'Rotten Tomatoes', 'Value': '88%'}, {'Source': 'Metacritic', 'Value': '73/100'}]","Village Roadshow Prod., Silver Pictures",movie,"When a beautiful stranger leads computer hacker Neo to a forbidding underworld, he discovers the shocking truth--the life he knows is the elaborate deception of an evil cyber-intelligence.",1999,https://m.media-amazon.com/images/M/MV5BNzQzOTk3OTAtNDQ0Zi00ZTVkLWI0MTEtMDllZjNkYzNjNTc4L2ltYWdlXkEyXkFqcGdeQXVyNjU0OTQ0OTY@._V1_SX300.jpg,The Matrix,8.7,tt0133093,"Lilly Wachowski, Lana Wachowski",136 min,73,N/A,R,31 Mar 1999,"Keanu Reeves, Laurence Fishburne, Carrie-Anne Moss, Hugo Weaving","Action, Sci-Fi",Won 4 Oscars. Another 37 wins & 51 nominations.,"Lana Wachowski, Lilly Wachowski","$171,479,930",True,
Inglourious Basterds,(2009),94(1),"USA, Germany","English, German, French, Italian",N/A,"1,261,530","[{'Source': 'Internet Movie Database', 'Value': '8.3/10'}, {'Source': 'Rotten Tomatoes', 'Value': '89%'}, {'Source': 'Metacritic', 'Value': '69/100'}]","A Band Apart, Zehnte Babelsberg",movie,"In Nazi-occupied France during World War II, a plan to assassinate Nazi leaders by a group of Jewish U.S. soldiers coincides with a theatre owner's vengeful plans for the same.",2009,https://m.media-amazon.com/images/M/MV5BOTJiNDEzOWYtMTVjOC00ZjlmLWE0NGMtZmE1OWVmZDQ2OWJhXkEyXkFqcGdeQXVyNTIzOTk5ODM@._V1_SX300.jpg,Inglourious Basterds,8.3,tt0361748,Quentin Tarantino,153 min,69,N/A,R,21 Aug 2009,"Brad Pitt, Mélanie Laurent, Christoph Waltz, Eli Roth","Adventure, Drama, War",Won 1 Oscar. Another 132 wins & 172 nominations.,Quentin Tarantino,"$120,540,719",True,
The Many Saints of Newark,(2021),95(259),USA,English,N/A,N/A,[],N/A,movie,"A look at the formative years of New Jersey gangster, Tony Soprano.",2021,https://m.media-amazon.com/images/M/MV5BMjYyYTNhMzktNDIwMi00NWFlLWFkMjQtY2RkZjEyNjVkYmMzXkEyXkFqcGdeQXVyODg3NzA4NTA@._V1_SX300.jpg,The Many Saints of Newark,N/A,tt8110232,"Lawrence Konner, David Chase",N/A,N/A,N/A,R,12 Mar 2021,"Alessandro Nivola, Jon Bernthal, Vera Farmiga, Billy Magnussen","Crime, Drama",N/A,Alan Taylor,N/A,True,
Forrest Gump,(1994),96(4),USA,English,N/A,"1,801,266","[{'Source': 'Internet Movie Database', 'Value': '8.8/10'}, {'Source': 'Rotten Tomatoes', 'Value': '71%'}, {'Source': 'Metacritic', 'Value': '82/100'}]",Paramount Pictures,movie,"The presidencies of Kennedy and Johnson, the events of Vietnam, Watergate and other historical events unfold through the perspective of an Alabama man with an IQ of 75, whose only desire is to be reunited with his childhood sweetheart.",1994,https://m.media-amazon.com/images/M/MV5BNWIwODRlZTUtY2U3ZS00Yzg1LWJhNzYtMmZiYmEyNmU1NjMzXkEyXkFqcGdeQXVyMTQxNzMzNDI@._V1_SX300.jpg,Forrest Gump,8.8,tt0109830,"Winston Groom (novel), Eric Roth (screenplay)",142 min,82,N/A,PG-13,06 Jul 1994,"Tom Hanks, Rebecca Williams, Sally Field, Michael Conner Humphreys","Drama, Romance",Won 6 Oscars. Another 44 wins & 75 nominations.,Robert Zemeckis,"$330,455,270",True,
The Witch,(2015),97(51),"Canada, USA",English,N/A,"197,596","[{'Source': 'Internet Movie Database', 'Value': '6.9/10'}, {'Source': 'Rotten Tomatoes', 'Value': '90%'}, {'Source': 'Metacritic', 'Value': '83/100'}]",N/A,movie,"A family in 1630s New England is torn apart by the forces of witchcraft, black magic, and possession.",2015,https://m.media-amazon.com/images/M/MV5BMTUyNzkwMzAxOF5BMl5BanBnXkFtZTgwMzc1OTk1NjE@._V1_SX300.jpg,The Witch,6.9,tt4263482,Robert Eggers,92 min,83,N/A,R,19 Feb 2016,"Anya Taylor-Joy, Ralph Ineson, Kate Dickie, Harvey Scrimshaw","Drama, Horror, Mystery",43 wins & 68 nominations.,Robert Eggers,"$25,138,705",True,
Avengers: Infinity War,(2018),98(35),USA,English,N/A,"828,791","[{'Source': 'Internet Movie Database', 'Value': '8.4/10'}, {'Source': 'Rotten Tomatoes', 'Value': '85%'}, {'Source': 'Metacritic', 'Value': '68/100'}]",Marvel Studios,movie,The Avengers and their allies must be willing to sacrifice all in an attempt to defeat the powerful Thanos before his blitz of devastation and ruin puts an end to the universe.,2018,https://m.media-amazon.com/images/M/MV5BMjMxNjY2MDU1OV5BMl5BanBnXkFtZTgwNzY1MTUwNTM@._V1_SX300.jpg,Avengers: Infinity War,8.4,tt4154756,"Christopher Markus (screenplay by), Stephen McFeely (screenplay by), Stan Lee (based on the Marvel comics by), Jack Kirby (based on the Marvel comics by), Joe Simon (Captain America created by), Jack Kirby (Captain America created by), Steve Englehart (Star-Lord created by), Steve Gan (Star-Lord created by), Bill Mantlo (Rocket Raccoon created by), Keith Giffen (Rocket Raccoon created by), Jim Starlin (Thanos,  Gamora and Drax created by), Stan Lee (Groot created by), Larry Lieber (Groot created by), Jack Kirby (Groot created by), Steve Englehart (Mantis created by), Don Heck (Mantis created by)",149 min,68,N/A,PG-13,27 Apr 2018,"Robert Downey Jr., Chris Hemsworth, Mark Ruffalo, Chris Evans","Action, Adventure, Sci-Fi",Nominated for 1 Oscar. Another 46 wins & 75 nominations.,"Anthony Russo, Joe Russo","$678,815,482",True,
Don't Tell a Soul,(2020),99(845),USA,English,N/A,55,"[{'Source': 'Internet Movie Database', 'Value': '7.9/10'}]",N/A,movie,"Two thieving teenage brothers, stealing money to help their sick mom, match wits with a troubled security guard stuck at the bottom of a forgotten well.",2020,https://m.media-amazon.com/images/M/MV5BZmIzOWFhYTAtMDZmYy00MWEyLWI2YWYtNmJhYWZjYWE0YmI1XkEyXkFqcGdeQXVyOTg4MDYyNw@@._V1_SX300.jpg,Don't Tell a Soul,7.9,tt8046498,Alex McAulay,N/A,N/A,N/A,R,15 Jan 2021,"Fionn Whitehead, Jack Dylan Grazer, Mena Suvari, Rainn Wilson","Drama, Thriller",N/A,Alex McAulay,N/A,True,
Call Me by Your Name,(2017),100(128),"Italy, France, USA, Brazil","English, Italian, French, German, Hebrew",N/A,"211,375","[{'Source': 'Internet Movie Database', 'Value': '7.9/10'}, {'Source': 'Rotten Tomatoes', 'Value': '94%'}, {'Source': 'Metacritic', 'Value': '93/100'}]","RT Features, La Cinéfacture, Frenesy Film",movie,"In 1980s Italy, romance blossoms between a seventeen-year-old student and the older man hired as his father's research assistant.",2017,https://m.media-amazon.com/images/M/MV5BNDk3NTEwNjc0MV5BMl5BanBnXkFtZTgwNzYxNTMwMzI@._V1_SX300.jpg,Call Me by Your Name,7.9,tt5726616,"James Ivory (screenplay by), André Aciman (based on the novel by)",132 min,93,N/A,R,19 Jan 2018,"Armie Hammer, Timothée Chalamet, Michael Stuhlbarg, Amira Casar","Drama, Romance",Won 1 Oscar. Another 96 wins & 249 nominations.,Luca Guadagnino,"$18,095,701",True,
